State,Talent,SOC,Occupation,Employment_2025,Employment_2024,Total_State_Employment_2025,Projection_Base,Projection_2034,Annual_Openings,Average_Annual_Salary_USD
Alabama,Digital,15-1211,Computer Systems Analysts,6560.0,6830.0,2113660,7100.0,7580.0,450.0,107430.0
Alabama,Digital,15-1212,Information Security Analysts,4010.0,3290.0,2113660,3360.0,4260.0,290.0,119070.0
Alabama,Digital,15-1221,Computer and Information Research Scientists,570.0,540.0,2113660,730.0,890.0,60.0,124970.0
Alabama,Digital,15-1241,Computer Network Architects,4200.0,3610.0,2113660,3580.0,3990.0,220.0,128680.0
Alabama,Digital,15-1242,Database Administrators,1840.0,1990.0,2113660,2300.0,2260.0,110.0,96500.0
Alabama,Digital,15-1243,Database Architects,270.0,310.0,2113660,320.0,340.0,20.0,118790.0
Alabama,Digital,15-1244,Network and Computer Systems Administrators,5040.0,4980.0,2113660,5360.0,5110.0,230.0,89490.0
Alabama,Digital,15-1251,Computer Programmers,890.0,1360.0,2113660,1620.0,1520.0,70.0,96410.0
Alabama,Digital,15-1252,Software Developers,17450.0,18020.0,2113660,18180.0,20750.0,1200.0,122840.0
Alabama,Digital,15-1253,Software Quality Assurance Analysts and Testers,1760.0,1910.0,2113660,1900.0,2020.0,120.0,105650.0
Alabama,Digital,15-1254,Web Developers,930.0,790.0,2113660,890.0,940.0,60.0,
Alabama,Digital,15-1255,Web and Digital Interface Designers,130.0,130.0,2113660,270.0,290.0,20.0,73190.0
Alabama,Digital,15-2031,Operations Research Analysts,550.0,500.0,2113660,500.0,590.0,40.0,117850.0
Alabama,Digital,15-2041,Statisticians,200.0,200.0,2113660,270.0,300.0,20.0,79820.0
Alabama,Digital,15-2051,Data Scientists,1740.0,1620.0,2113660,1710.0,2300.0,160.0,105180.0
Alabama,Technical,17-1011,"Architects, Except Landscape and Naval",990.0,1270.0,2113660,1440.0,1480.0,90.0,110110.0
Alabama,Technical,17-1022,Surveyors,910.0,830.0,2113660,880.0,920.0,60.0,71980.0
Alabama,Technical,17-2011,Aerospace Engineers,5820.0,5570.0,2113660,5690.0,6170.0,380.0,131910.0
Alabama,Technical,17-2041,Chemical Engineers,600.0,540.0,2113660,570.0,580.0,30.0,124470.0
Alabama,Technical,17-2051,Civil Engineers,5370.0,5920.0,2113660,6220.0,6530.0,400.0,107550.0
Alabama,Technical,17-2061,Computer Hardware Engineers,680.0,800.0,2113660,760.0,780.0,40.0,138870.0
Alabama,Technical,17-2071,Electrical Engineers,4600.0,4470.0,2113660,4720.0,5090.0,290.0,126380.0
Alabama,Technical,17-2072,"Electronics Engineers, Except Computer",1940.0,1780.0,2113660,1730.0,1880.0,110.0,126500.0
Alabama,Technical,17-2112,Industrial Engineers,7650.0,8040.0,2113660,8130.0,9630.0,660.0,104900.0
Alabama,Technical,17-2131,Materials Engineers,650.0,660.0,2113660,660.0,720.0,40.0,114610.0
Alabama,Technical,17-2141,Mechanical Engineers,,5480.0,2113660,5600.0,6290.0,370.0,109330.0
Alabama,Technical,17-2199,"Engineers, All Other",3460.0,3370.0,2113660,3180.0,3160.0,180.0,146450.0
Alabama,Technical,17-3011,Architectural and Civil Drafters,1010.0,1350.0,2113660,1390.0,1440.0,120.0,57890.0
Alabama,Technical,17-3012,Electrical and Electronics Drafters,300.0,290.0,2113660,310.0,300.0,30.0,56840.0
Alabama,Technical,17-3013,Mechanical Drafters,440.0,590.0,2113660,640.0,630.0,50.0,61230.0
Alabama,Technical,17-3023,Electrical and Electronic Engineering Technologists and Technicians,1620.0,1950.0,2113660,1930.0,2040.0,190.0,75430.0
Alabama,Technical,17-3024,Electro-Mechanical and Mechatronics Technologists and Technicians,70.0,70.0,2113660,80.0,80.0,10.0,70130.0
Alabama,Technical,17-3027,Mechanical Engineering Technologists and Technicians,400.0,350.0,2113660,370.0,380.0,30.0,64030.0
Alabama,Technical,17-3031,Surveying and Mapping Technicians,1320.0,1210.0,2113660,1270.0,1320.0,160.0,50730.0
Alabama,Technical,49-1011,"First-Line Supervisors of Mechanics, Installers, and Repairers",13390.0,12790.0,2113660,13330.0,14160.0,1190.0,78470.0
Alabama,Technical,49-2094,"Electrical and Electronics Repairers, Commercial and Industrial Equipment",930.0,970.0,2113660,980.0,970.0,80.0,69380.0
Alabama,Technical,49-9021,"Heating, Air Conditioning, and Refrigeration Mechanics and Installers",8260.0,7330.0,2113660,8000.0,8810.0,780.0,51320.0
Alabama,Technical,49-9041,Industrial Machinery Mechanics,17850.0,17110.0,2113660,17850.0,21810.0,2010.0,64300.0
Alabama,Technical,49-9044,Millwrights,1400.0,1880.0,2113660,1900.0,2000.0,180.0,61940.0
Alabama,Technical,49-9051,Electrical Power-Line Installers and Repairers,2730.0,3120.0,2113660,3590.0,3840.0,300.0,82460.0
Alabama,Technical,51-1011,First-Line Supervisors of Production and Operating Workers,20670.0,19370.0,2113660,20100.0,21750.0,2160.0,76100.0
Alabama,Technical,51-4041,Machinists,5170.0,5620.0,2113660,5700.0,6140.0,630.0,57860.0
Alabama,Technical,51-4111,Tool and Die Makers,690.0,870.0,2113660,870.0,890.0,90.0,63350.0
Alabama,Technical,51-4121,"Welders, Cutters, Solderers, and Brazers",12450.0,12570.0,2113660,13600.0,15010.0,1520.0,51120.0
Alabama,Technical,51-4193,"Plating Machine Setters, Operators, and Tenders, Metal and Plastic",400.0,300.0,2113660,330.0,310.0,30.0,35210.0
Alabama,Technical,51-8013,Power Plant Operators,790.0,730.0,2113660,970.0,820.0,70.0,102330.0
Alabama,Technical,51-9023,"Mixing and Blending Machine Setters, Operators, and Tenders",2220.0,2340.0,2113660,2350.0,2250.0,220.0,48200.0
Alaska,Digital,15-1211,Computer Systems Analysts,420.0,490.0,325570,600.0,620.0,40.0,95750.0
Alaska,Digital,15-1212,Information Security Analysts,300.0,210.0,325570,110.0,110.0,10.0,117930.0
Alaska,Digital,15-1241,Computer Network Architects,120.0,110.0,325570,120.0,120.0,10.0,127400.0
Alaska,Digital,15-1242,Database Administrators,90.0,90.0,325570,170.0,170.0,10.0,103520.0
Alaska,Digital,15-1243,Database Architects,70.0,40.0,325570,,,,106680.0
Alaska,Digital,15-1244,Network and Computer Systems Administrators,920.0,650.0,325570,650.0,650.0,30.0,95490.0
Alaska,Digital,15-1251,Computer Programmers,530.0,520.0,325570,530.0,530.0,30.0,98240.0
Alaska,Digital,15-1252,Software Developers,530.0,430.0,325570,330.0,330.0,20.0,
Alaska,Digital,15-1255,Web and Digital Interface Designers,30.0,50.0,325570,40.0,30.0,0.0,76110.0
Alaska,Digital,15-2031,Operations Research Analysts,70.0,60.0,325570,80.0,80.0,0.0,89070.0
Alaska,Digital,15-2041,Statisticians,80.0,60.0,325570,60.0,60.0,0.0,
Alaska,Digital,15-2051,Data Scientists,230.0,210.0,325570,60.0,60.0,0.0,89810.0
Alaska,Technical,17-1011,"Architects, Except Landscape and Naval",210.0,160.0,325570,160.0,160.0,10.0,108080.0
Alaska,Technical,17-1021,Cartographers and Photogrammetrists,60.0,70.0,325570,100.0,100.0,10.0,90840.0
Alaska,Technical,17-1022,Surveyors,250.0,290.0,325570,380.0,370.0,20.0,104340.0
Alaska,Technical,17-2011,Aerospace Engineers,100.0,80.0,325570,40.0,30.0,0.0,113920.0
Alaska,Technical,17-2041,Chemical Engineers,,,325570,,,,121780.0
Alaska,Technical,17-2051,Civil Engineers,1670.0,1540.0,325570,1200.0,1200.0,70.0,118830.0
Alaska,Technical,17-2071,Electrical Engineers,350.0,380.0,325570,290.0,290.0,20.0,122500.0
Alaska,Technical,17-2072,"Electronics Engineers, Except Computer",180.0,370.0,325570,60.0,60.0,0.0,117490.0
Alaska,Technical,17-2112,Industrial Engineers,220.0,230.0,325570,50.0,50.0,0.0,157200.0
Alaska,Technical,17-2131,Materials Engineers,70.0,70.0,325570,40.0,40.0,0.0,116720.0
Alaska,Technical,17-2141,Mechanical Engineers,380.0,530.0,325570,340.0,350.0,20.0,126160.0
Alaska,Technical,17-2199,"Engineers, All Other",200.0,280.0,325570,830.0,840.0,50.0,144180.0
Alaska,Technical,17-3011,Architectural and Civil Drafters,220.0,120.0,325570,160.0,160.0,10.0,
Alaska,Technical,17-3012,Electrical and Electronics Drafters,80.0,90.0,325570,60.0,60.0,0.0,
Alaska,Technical,17-3013,Mechanical Drafters,50.0,130.0,325570,90.0,80.0,10.0,
Alaska,Technical,17-3023,Electrical and Electronic Engineering Technologists and Technicians,230.0,290.0,325570,310.0,320.0,30.0,96490.0
Alaska,Technical,17-3024,Electro-Mechanical and Mechatronics Technologists and Technicians,40.0,50.0,325570,50.0,60.0,10.0,90060.0
Alaska,Technical,17-3027,Mechanical Engineering Technologists and Technicians,70.0,60.0,325570,100.0,100.0,10.0,
Alaska,Technical,17-3031,Surveying and Mapping Technicians,300.0,410.0,325570,200.0,190.0,20.0,78990.0
Alaska,Technical,49-1011,"First-Line Supervisors of Mechanics, Installers, and Repairers",2720.0,2190.0,325570,630.0,660.0,60.0,98880.0
Alaska,Technical,49-2094,"Electrical and Electronics Repairers, Commercial and Industrial Equipment",160.0,190.0,325570,260.0,280.0,20.0,90930.0
Alaska,Technical,49-9021,"Heating, Air Conditioning, and Refrigeration Mechanics and Installers",610.0,790.0,325570,430.0,420.0,40.0,80150.0
Alaska,Technical,49-9041,Industrial Machinery Mechanics,860.0,660.0,325570,270.0,300.0,30.0,80250.0
Alaska,Technical,49-9044,Millwrights,300.0,210.0,325570,220.0,240.0,20.0,74840.0
Alaska,Technical,49-9051,Electrical Power-Line Installers and Repairers,490.0,370.0,325570,340.0,330.0,20.0,92220.0
Alaska,Technical,51-1011,First-Line Supervisors of Production and Operating Workers,1110.0,1150.0,325570,610.0,650.0,60.0,82100.0
Alaska,Technical,51-4041,Machinists,120.0,140.0,325570,250.0,250.0,20.0,81160.0
Alaska,Technical,51-4121,"Welders, Cutters, Solderers, and Brazers",790.0,650.0,325570,860.0,840.0,80.0,80100.0
Alaska,Technical,51-8013,Power Plant Operators,650.0,750.0,325570,440.0,450.0,40.0,89690.0
Alaska,Technical,51-9023,"Mixing and Blending Machine Setters, Operators, and Tenders",60.0,80.0,325570,30.0,30.0,0.0,50770.0
Arizona,Digital,15-1211,Computer Systems Analysts,11330.0,10010.0,3239430,10000.0,11550.0,740.0,112290.0
Arizona,Digital,15-1212,Information Security Analysts,3420.0,4170.0,3239430,4070.0,5490.0,390.0,125170.0
Arizona,Digital,15-1221,Computer and Information Research Scientists,360.0,420.0,3239430,470.0,580.0,40.0,152580.0
Arizona,Digital,15-1241,Computer Network Architects,3990.0,4340.0,3239430,4140.0,4810.0,280.0,131420.0
Arizona,Digital,15-1242,Database Administrators,1120.0,1330.0,3239430,1360.0,1420.0,70.0,104750.0
Arizona,Digital,15-1243,Database Architects,1200.0,850.0,3239430,880.0,980.0,60.0,144610.0
Arizona,Digital,15-1244,Network and Computer Systems Administrators,5810.0,5840.0,3239430,5660.0,5790.0,290.0,96740.0
Arizona,Digital,15-1251,Computer Programmers,1560.0,4170.0,3239430,4330.0,4390.0,240.0,102710.0
Arizona,Digital,15-1252,Software Developers,38050.0,35650.0,3239430,36240.0,43600.0,2670.0,132530.0
Arizona,Digital,15-1253,Software Quality Assurance Analysts and Testers,3890.0,3680.0,3239430,3690.0,4190.0,270.0,101790.0
Arizona,Digital,15-1254,Web Developers,1010.0,1510.0,3239430,1610.0,1810.0,110.0,85410.0
Arizona,Digital,15-1255,Web and Digital Interface Designers,810.0,1430.0,3239430,1750.0,1950.0,130.0,112270.0
Arizona,Digital,15-2031,Operations Research Analysts,2600.0,2170.0,3239430,2050.0,2540.0,180.0,83290.0
Arizona,Digital,15-2041,Statisticians,440.0,360.0,3239430,460.0,540.0,30.0,97620.0
Arizona,Digital,15-2051,Data Scientists,4560.0,4080.0,3239430,4300.0,6030.0,440.0,111950.0
Arizona,Technical,17-1011,"Architects, Except Landscape and Naval",1550.0,1430.0,3239430,1750.0,1990.0,130.0,105840.0
Arizona,Technical,17-1021,Cartographers and Photogrammetrists,400.0,360.0,3239430,240.0,280.0,20.0,84100.0
Arizona,Technical,17-1022,Surveyors,1360.0,1440.0,3239430,1350.0,1530.0,110.0,78630.0
Arizona,Technical,17-2011,Aerospace Engineers,3110.0,1770.0,3239430,1950.0,2320.0,160.0,130150.0
Arizona,Technical,17-2041,Chemical Engineers,80.0,170.0,3239430,220.0,240.0,10.0,
Arizona,Technical,17-2051,Civil Engineers,5940.0,6270.0,3239430,6760.0,7740.0,520.0,97130.0
Arizona,Technical,17-2061,Computer Hardware Engineers,3110.0,3390.0,3239430,3420.0,3940.0,240.0,157800.0
Arizona,Technical,17-2071,Electrical Engineers,5370.0,4970.0,3239430,5720.0,6580.0,410.0,113710.0
Arizona,Technical,17-2072,"Electronics Engineers, Except Computer",2100.0,2360.0,3239430,2500.0,2820.0,170.0,124530.0
Arizona,Technical,17-2112,Industrial Engineers,7520.0,7320.0,3239430,7390.0,9240.0,670.0,119050.0
Arizona,Technical,17-2131,Materials Engineers,580.0,380.0,3239430,420.0,500.0,40.0,116520.0
Arizona,Technical,17-2141,Mechanical Engineers,5050.0,5440.0,3239430,5480.0,6710.0,430.0,107220.0
Arizona,Technical,17-2199,"Engineers, All Other",1720.0,2660.0,3239430,3090.0,3450.0,220.0,112450.0
Arizona,Technical,17-3011,Architectural and Civil Drafters,2120.0,2600.0,3239430,2640.0,3040.0,280.0,69550.0
Arizona,Technical,17-3012,Electrical and Electronics Drafters,570.0,530.0,3239430,570.0,590.0,50.0,77740.0
Arizona,Technical,17-3013,Mechanical Drafters,630.0,720.0,3239430,810.0,860.0,80.0,72030.0
Arizona,Technical,17-3023,Electrical and Electronic Engineering Technologists and Technicians,2260.0,2360.0,3239430,2340.0,2540.0,240.0,78830.0
Arizona,Technical,17-3024,Electro-Mechanical and Mechatronics Technologists and Technicians,120.0,150.0,3239430,150.0,160.0,10.0,79560.0
Arizona,Technical,17-3027,Mechanical Engineering Technologists and Technicians,730.0,630.0,3239430,630.0,680.0,60.0,71680.0
Arizona,Technical,17-3031,Surveying and Mapping Technicians,700.0,740.0,3239430,690.0,770.0,100.0,57060.0
Arizona,Technical,49-1011,"First-Line Supervisors of Mechanics, Installers, and Repairers",13490.0,12140.0,3239430,12430.0,13880.0,1200.0,79000.0
Arizona,Technical,49-2094,"Electrical and Electronics Repairers, Commercial and Industrial Equipment",,580.0,3239430,570.0,630.0,50.0,81310.0
Arizona,Technical,49-9021,"Heating, Air Conditioning, and Refrigeration Mechanics and Installers",10860.0,10850.0,3239430,11460.0,14600.0,1390.0,60900.0
Arizona,Technical,49-9041,Industrial Machinery Mechanics,5020.0,4450.0,3239430,4900.0,6340.0,600.0,74230.0
Arizona,Technical,49-9044,Millwrights,450.0,890.0,3239430,730.0,780.0,70.0,63360.0
Arizona,Technical,49-9051,Electrical Power-Line Installers and Repairers,3360.0,1520.0,3239430,2090.0,2300.0,180.0,83210.0
Arizona,Technical,49-9081,Wind Turbine Service Technicians,80.0,230.0,3239430,320.0,430.0,50.0,71030.0
Arizona,Technical,51-1011,First-Line Supervisors of Production and Operating Workers,8720.0,8950.0,3239430,9400.0,10640.0,1080.0,77690.0
Arizona,Technical,51-4041,Machinists,4330.0,5280.0,3239430,5440.0,6210.0,650.0,59750.0
Arizona,Technical,51-4111,Tool and Die Makers,310.0,260.0,3239430,270.0,290.0,30.0,62290.0
Arizona,Technical,51-4121,"Welders, Cutters, Solderers, and Brazers",7270.0,7630.0,3239430,8670.0,10210.0,1060.0,59040.0
Arizona,Technical,51-4193,"Plating Machine Setters, Operators, and Tenders, Metal and Plastic",640.0,620.0,3239430,640.0,630.0,60.0,45920.0
Arizona,Technical,51-8013,Power Plant Operators,390.0,890.0,3239430,1110.0,940.0,80.0,89350.0
Arizona,Technical,51-9023,"Mixing and Blending Machine Setters, Operators, and Tenders",1400.0,1380.0,3239430,1370.0,1580.0,160.0,52170.0
Arizona,Technical,51-9141,Semiconductor Processing Technicians,2270.0,3730.0,3239430,3740.0,4410.0,500.0,72800.0
Arkansas,Digital,15-1211,Computer Systems Analysts,4100.0,3600.0,1303630,3570.0,4030.0,250.0,85030.0
Arkansas,Digital,15-1212,Information Security Analysts,1460.0,1010.0,1303630,970.0,1320.0,90.0,102980.0
Arkansas,Digital,15-1241,Computer Network Architects,910.0,960.0,1303630,930.0,1070.0,60.0,119000.0
Arkansas,Digital,15-1242,Database Administrators,420.0,600.0,1303630,650.0,660.0,40.0,90420.0
Arkansas,Digital,15-1243,Database Architects,360.0,330.0,1303630,320.0,370.0,20.0,113190.0
Arkansas,Digital,15-1244,Network and Computer Systems Administrators,1750.0,1690.0,1303630,1740.0,1720.0,80.0,87020.0
Arkansas,Digital,15-1251,Computer Programmers,1050.0,1140.0,1303630,1160.0,1140.0,60.0,112070.0
Arkansas,Digital,15-1252,Software Developers,6050.0,6390.0,1303630,6250.0,7500.0,460.0,109590.0
Arkansas,Digital,15-1254,Web Developers,400.0,430.0,1303630,470.0,510.0,30.0,63190.0
Arkansas,Digital,15-2031,Operations Research Analysts,210.0,140.0,1303630,140.0,180.0,10.0,65060.0
Arkansas,Digital,15-2041,Statisticians,570.0,,1303630,,,,109740.0
Arkansas,Digital,15-2051,Data Scientists,530.0,470.0,1303630,490.0,710.0,50.0,116320.0
Arkansas,Technical,17-1011,"Architects, Except Landscape and Naval",720.0,870.0,1303630,980.0,1070.0,70.0,83980.0
Arkansas,Technical,17-1022,Surveyors,550.0,520.0,1303630,560.0,610.0,40.0,58160.0
Arkansas,Technical,17-2011,Aerospace Engineers,180.0,130.0,1303630,140.0,170.0,10.0,102100.0
Arkansas,Technical,17-2041,Chemical Engineers,290.0,170.0,1303630,180.0,190.0,10.0,114140.0
Arkansas,Technical,17-2051,Civil Engineers,1870.0,1710.0,1303630,1810.0,1960.0,120.0,89500.0
Arkansas,Technical,17-2061,Computer Hardware Engineers,160.0,40.0,1303630,40.0,50.0,0.0,120220.0
Arkansas,Technical,17-2071,Electrical Engineers,900.0,930.0,1303630,940.0,1030.0,60.0,99960.0
Arkansas,Technical,17-2072,"Electronics Engineers, Except Computer",150.0,260.0,1303630,260.0,260.0,10.0,106450.0
Arkansas,Technical,17-2112,Industrial Engineers,1710.0,1640.0,1303630,1650.0,1950.0,140.0,102090.0
Arkansas,Technical,17-2131,Materials Engineers,90.0,110.0,1303630,110.0,130.0,10.0,112240.0
Arkansas,Technical,17-2141,Mechanical Engineers,1410.0,1150.0,1303630,1180.0,1320.0,80.0,88340.0
Arkansas,Technical,17-2199,"Engineers, All Other",820.0,580.0,1303630,610.0,660.0,40.0,87660.0
Arkansas,Technical,17-3011,Architectural and Civil Drafters,980.0,820.0,1303630,820.0,930.0,80.0,65910.0
Arkansas,Technical,17-3013,Mechanical Drafters,250.0,420.0,1303630,450.0,450.0,40.0,64200.0
Arkansas,Technical,17-3023,Electrical and Electronic Engineering Technologists and Technicians,310.0,410.0,1303630,410.0,440.0,40.0,71300.0
Arkansas,Technical,17-3031,Surveying and Mapping Technicians,810.0,870.0,1303630,940.0,990.0,120.0,50190.0
Arkansas,Technical,49-1011,"First-Line Supervisors of Mechanics, Installers, and Repairers",7590.0,7090.0,1303630,7240.0,7790.0,660.0,74460.0
Arkansas,Technical,49-2094,"Electrical and Electronics Repairers, Commercial and Industrial Equipment",330.0,450.0,1303630,460.0,460.0,40.0,68170.0
Arkansas,Technical,49-9021,"Heating, Air Conditioning, and Refrigeration Mechanics and Installers",4960.0,4890.0,1303630,5120.0,5790.0,520.0,51150.0
Arkansas,Technical,49-9041,Industrial Machinery Mechanics,6270.0,6770.0,1303630,7030.0,8520.0,780.0,61020.0
Arkansas,Technical,49-9044,Millwrights,1140.0,1080.0,1303630,1080.0,1130.0,100.0,55730.0
Arkansas,Technical,49-9051,Electrical Power-Line Installers and Repairers,1510.0,1560.0,1303630,1600.0,1790.0,150.0,83100.0
Arkansas,Technical,51-1011,First-Line Supervisors of Production and Operating Workers,11000.0,10910.0,1303630,11030.0,11700.0,1150.0,69930.0
Arkansas,Technical,51-4041,Machinists,2150.0,2390.0,1303630,2400.0,2450.0,240.0,55180.0
Arkansas,Technical,51-4111,Tool and Die Makers,290.0,350.0,1303630,350.0,320.0,30.0,56370.0
Arkansas,Technical,51-4121,"Welders, Cutters, Solderers, and Brazers",6150.0,7240.0,1303630,7710.0,8180.0,820.0,50020.0
Arkansas,Technical,51-4193,"Plating Machine Setters, Operators, and Tenders, Metal and Plastic",230.0,220.0,1303630,220.0,210.0,20.0,52750.0
Arkansas,Technical,51-8013,Power Plant Operators,220.0,240.0,1303630,240.0,220.0,20.0,90450.0
Arkansas,Technical,51-9023,"Mixing and Blending Machine Setters, Operators, and Tenders",1100.0,1080.0,1303630,1080.0,1040.0,100.0,47640.0
Arkansas,Technical,51-9141,Semiconductor Processing Technicians,40.0,70.0,1303630,70.0,60.0,0.0,42140.0
California,Digital,15-1211,Computer Systems Analysts,59060.0,55460.0,18213700,62000.0,68000.0,4150.0,130480.0
California,Digital,15-1212,Information Security Analysts,15570.0,15800.0,18213700,15800.0,20400.0,1400.0,149090.0
California,Digital,15-1221,Computer and Information Research Scientists,8440.0,8570.0,18213700,8800.0,11100.0,770.0,168580.0
California,Digital,15-1241,Computer Network Architects,14870.0,19800.0,18213700,15300.0,17100.0,960.0,161350.0
California,Digital,15-1242,Database Administrators,7240.0,8360.0,18213700,7400.0,7500.0,380.0,121500.0
California,Digital,15-1243,Database Architects,6210.0,5850.0,18213700,6300.0,6900.0,390.0,175330.0
California,Digital,15-1244,Network and Computer Systems Administrators,26170.0,28730.0,18213700,26900.0,25700.0,1150.0,115210.0
California,Digital,15-1251,Computer Programmers,11340.0,14720.0,18213700,13000.0,12500.0,620.0,119900.0
California,Digital,15-1252,Software Developers,284390.0,292630.0,18213700,290800.0,344400.0,20730.0,186770.0
California,Digital,15-1253,Software Quality Assurance Analysts and Testers,27710.0,31530.0,18213700,27900.0,30500.0,1910.0,131260.0
California,Digital,15-1254,Web Developers,7320.0,10820.0,18213700,7800.0,8500.0,500.0,122890.0
California,Digital,15-1255,Web and Digital Interface Designers,27090.0,27210.0,18213700,30200.0,34400.0,2400.0,146210.0
California,Digital,15-2031,Operations Research Analysts,10620.0,11030.0,18213700,11100.0,13600.0,960.0,110860.0
California,Digital,15-2041,Statisticians,2480.0,2810.0,18213700,2600.0,3000.0,180.0,140780.0
California,Digital,15-2051,Data Scientists,39310.0,36850.0,18213700,40400.0,55400.0,4020.0,156000.0
California,Technical,17-1011,"Architects, Except Landscape and Naval",13270.0,13880.0,18213700,14700.0,15800.0,980.0,121910.0
California,Technical,17-1021,Cartographers and Photogrammetrists,1450.0,1070.0,18213700,1500.0,1600.0,110.0,103690.0
California,Technical,17-1022,Surveyors,4520.0,3750.0,18213700,4700.0,5000.0,340.0,110220.0
California,Technical,17-2011,Aerospace Engineers,9170.0,9330.0,18213700,9600.0,10200.0,610.0,159960.0
California,Technical,17-2041,Chemical Engineers,2190.0,1260.0,18213700,2400.0,2400.0,120.0,
California,Technical,17-2051,Civil Engineers,55180.0,54640.0,18213700,56100.0,60700.0,3830.0,124540.0
California,Technical,17-2061,Computer Hardware Engineers,19820.0,24200.0,18213700,20400.0,22000.0,1280.0,190590.0
California,Technical,17-2071,Electrical Engineers,24230.0,23650.0,18213700,24700.0,26500.0,1510.0,151180.0
California,Technical,17-2072,"Electronics Engineers, Except Computer",20830.0,19560.0,18213700,21500.0,21600.0,1130.0,161520.0
California,Technical,17-2112,Industrial Engineers,32680.0,25830.0,18213700,32900.0,36800.0,2400.0,125850.0
California,Technical,17-2131,Materials Engineers,3020.0,2760.0,18213700,3000.0,3300.0,200.0,131090.0
California,Technical,17-2141,Mechanical Engineers,30530.0,27090.0,18213700,31200.0,34800.0,2030.0,136660.0
California,Technical,17-2199,"Engineers, All Other",28610.0,26500.0,18213700,29800.0,31700.0,1910.0,139670.0
California,Technical,17-3011,Architectural and Civil Drafters,11400.0,12950.0,18213700,11400.0,12200.0,1070.0,80360.0
California,Technical,17-3012,Electrical and Electronics Drafters,2730.0,3020.0,18213700,3000.0,2700.0,220.0,89900.0
California,Technical,17-3013,Mechanical Drafters,3640.0,3360.0,18213700,3900.0,3700.0,300.0,86750.0
California,Technical,17-3023,Electrical and Electronic Engineering Technologists and Technicians,13450.0,12460.0,18213700,13700.0,13300.0,1150.0,93750.0
California,Technical,17-3024,Electro-Mechanical and Mechatronics Technologists and Technicians,1850.0,1620.0,18213700,1900.0,2000.0,170.0,92350.0
California,Technical,17-3027,Mechanical Engineering Technologists and Technicians,3660.0,3300.0,18213700,3700.0,3900.0,330.0,91570.0
California,Technical,17-3031,Surveying and Mapping Technicians,3340.0,3670.0,18213700,3400.0,3700.0,460.0,81840.0
California,Technical,49-1011,"First-Line Supervisors of Mechanics, Installers, and Repairers",51670.0,51520.0,18213700,52300.0,54800.0,4550.0,98440.0
California,Technical,49-2094,"Electrical and Electronics Repairers, Commercial and Industrial Equipment",5830.0,5140.0,18213700,5900.0,6200.0,510.0,91820.0
California,Technical,49-9021,"Heating, Air Conditioning, and Refrigeration Mechanics and Installers",35130.0,34020.0,18213700,37400.0,42200.0,3770.0,75370.0
California,Technical,49-9041,Industrial Machinery Mechanics,26830.0,25790.0,18213700,28300.0,32200.0,2860.0,76060.0
California,Technical,49-9044,Millwrights,2230.0,2490.0,18213700,2300.0,2300.0,210.0,84220.0
California,Technical,49-9051,Electrical Power-Line Installers and Repairers,8930.0,11070.0,18213700,9000.0,9700.0,770.0,125270.0
California,Technical,49-9081,Wind Turbine Service Technicians,400.0,390.0,18213700,,,,86120.0
California,Technical,51-1011,First-Line Supervisors of Production and Operating Workers,48550.0,51710.0,18213700,49800.0,50600.0,4850.0,82000.0
California,Technical,51-4041,Machinists,18950.0,21580.0,18213700,19200.0,18900.0,1840.0,61380.0
California,Technical,51-4111,Tool and Die Makers,1790.0,1380.0,18213700,1800.0,1600.0,150.0,75120.0
California,Technical,51-4121,"Welders, Cutters, Solderers, and Brazers",26060.0,26100.0,18213700,28500.0,29400.0,2890.0,61120.0
California,Technical,51-4193,"Plating Machine Setters, Operators, and Tenders, Metal and Plastic",5600.0,5580.0,18213700,5600.0,4700.0,420.0,47610.0
California,Technical,51-8013,Power Plant Operators,2610.0,2390.0,18213700,2600.0,2200.0,190.0,110960.0
California,Technical,51-9023,"Mixing and Blending Machine Setters, Operators, and Tenders",5730.0,6860.0,18213700,5900.0,5400.0,500.0,56440.0
California,Technical,51-9141,Semiconductor Processing Technicians,4650.0,2510.0,18213700,4800.0,4000.0,390.0,50420.0
Colorado,Digital,15-1211,Computer Systems Analysts,6230.0,7130.0,2873900,7310.0,8980.0,600.0,132980.0
Colorado,Digital,15-1212,Information Security Analysts,5700.0,5840.0,2873900,5970.0,9020.0,670.0,142660.0
Colorado,Digital,15-1221,Computer and Information Research Scientists,400.0,,2873900,,,,146790.0
Colorado,Digital,15-1241,Computer Network Architects,16380.0,12720.0,2873900,12840.0,16560.0,1080.0,146160.0
Colorado,Digital,15-1242,Database Administrators,1220.0,1400.0,2873900,1470.0,1780.0,100.0,115130.0
Colorado,Digital,15-1243,Database Architects,1950.0,2140.0,2873900,2140.0,2660.0,170.0,146780.0
Colorado,Digital,15-1244,Network and Computer Systems Administrators,8360.0,8900.0,2873900,9080.0,9730.0,520.0,109360.0
Colorado,Digital,15-1251,Computer Programmers,930.0,1090.0,2873900,1230.0,1320.0,80.0,119260.0
Colorado,Digital,15-1252,Software Developers,43320.0,48980.0,2873900,49070.0,65480.0,4460.0,150940.0
Colorado,Digital,15-1253,Software Quality Assurance Analysts and Testers,5110.0,5580.0,2873900,5530.0,6730.0,470.0,123340.0
Colorado,Digital,15-1254,Web Developers,1680.0,,2873900,,,,89940.0
Colorado,Digital,15-1255,Web and Digital Interface Designers,3250.0,2740.0,2873900,3100.0,3790.0,280.0,107680.0
Colorado,Digital,15-2031,Operations Research Analysts,770.0,910.0,2873900,900.0,1180.0,90.0,130610.0
Colorado,Digital,15-2041,Statisticians,780.0,920.0,2873900,950.0,1140.0,70.0,114520.0
Colorado,Digital,15-2051,Data Scientists,6280.0,6750.0,2873900,7130.0,10840.0,840.0,126800.0
Colorado,Technical,17-1011,"Architects, Except Landscape and Naval",3290.0,4010.0,2873900,4500.0,5910.0,420.0,110290.0
Colorado,Technical,17-1021,Cartographers and Photogrammetrists,1220.0,1380.0,2873900,1420.0,1670.0,130.0,94460.0
Colorado,Technical,17-1022,Surveyors,1620.0,1580.0,2873900,1610.0,2020.0,160.0,82630.0
Colorado,Technical,17-2011,Aerospace Engineers,4070.0,4020.0,2873900,3860.0,4580.0,320.0,157060.0
Colorado,Technical,17-2041,Chemical Engineers,720.0,850.0,2873900,830.0,1050.0,70.0,126060.0
Colorado,Technical,17-2051,Civil Engineers,13290.0,13510.0,2873900,13740.0,16890.0,1200.0,114460.0
Colorado,Technical,17-2061,Computer Hardware Engineers,2660.0,2920.0,2873900,2920.0,3470.0,240.0,158480.0
Colorado,Technical,17-2071,Electrical Engineers,4200.0,4770.0,2873900,4740.0,5920.0,400.0,126480.0
Colorado,Technical,17-2072,"Electronics Engineers, Except Computer",6080.0,5730.0,2873900,5850.0,6590.0,400.0,130650.0
Colorado,Technical,17-2112,Industrial Engineers,5200.0,4950.0,2873900,4920.0,5680.0,380.0,116240.0
Colorado,Technical,17-2131,Materials Engineers,810.0,540.0,2873900,520.0,590.0,40.0,125720.0
Colorado,Technical,17-2141,Mechanical Engineers,7190.0,6850.0,2873900,6880.0,8570.0,560.0,124410.0
Colorado,Technical,17-2199,"Engineers, All Other",2540.0,2610.0,2873900,2700.0,2900.0,180.0,134930.0
Colorado,Technical,17-3011,Architectural and Civil Drafters,3570.0,3300.0,2873900,3280.0,3940.0,400.0,78240.0
Colorado,Technical,17-3012,Electrical and Electronics Drafters,750.0,800.0,2873900,880.0,1050.0,90.0,87340.0
Colorado,Technical,17-3013,Mechanical Drafters,580.0,480.0,2873900,530.0,550.0,50.0,93270.0
Colorado,Technical,17-3023,Electrical and Electronic Engineering Technologists and Technicians,1410.0,1290.0,2873900,1280.0,1390.0,130.0,78830.0
Colorado,Technical,17-3024,Electro-Mechanical and Mechatronics Technologists and Technicians,570.0,200.0,2873900,,,,71540.0
Colorado,Technical,17-3027,Mechanical Engineering Technologists and Technicians,330.0,440.0,2873900,450.0,450.0,40.0,79240.0
Colorado,Technical,17-3031,Surveying and Mapping Technicians,2340.0,2440.0,2873900,2480.0,2860.0,380.0,60020.0
Colorado,Technical,49-1011,"First-Line Supervisors of Mechanics, Installers, and Repairers",13590.0,13210.0,2873900,13520.0,15090.0,1320.0,88590.0
Colorado,Technical,49-2094,"Electrical and Electronics Repairers, Commercial and Industrial Equipment",2200.0,1890.0,2873900,1910.0,2000.0,160.0,81010.0
Colorado,Technical,49-9021,"Heating, Air Conditioning, and Refrigeration Mechanics and Installers",8940.0,8870.0,2873900,9440.0,12110.0,1120.0,71330.0
Colorado,Technical,49-9041,Industrial Machinery Mechanics,7260.0,5850.0,2873900,6140.0,7160.0,640.0,75240.0
Colorado,Technical,49-9044,Millwrights,200.0,230.0,2873900,250.0,280.0,20.0,74690.0
Colorado,Technical,49-9051,Electrical Power-Line Installers and Repairers,2370.0,2120.0,2873900,2280.0,2380.0,190.0,97770.0
Colorado,Technical,49-9081,Wind Turbine Service Technicians,410.0,560.0,2873900,660.0,1070.0,110.0,72310.0
Colorado,Technical,51-1011,First-Line Supervisors of Production and Operating Workers,9580.0,9570.0,2873900,9800.0,10140.0,1000.0,84740.0
Colorado,Technical,51-4041,Machinists,2800.0,2580.0,2873900,2630.0,2640.0,260.0,62650.0
Colorado,Technical,51-4111,Tool and Die Makers,160.0,220.0,2873900,220.0,220.0,20.0,65620.0
Colorado,Technical,51-4121,"Welders, Cutters, Solderers, and Brazers",4970.0,4470.0,2873900,4750.0,5090.0,520.0,60410.0
Colorado,Technical,51-4193,"Plating Machine Setters, Operators, and Tenders, Metal and Plastic",190.0,120.0,2873900,120.0,100.0,10.0,49750.0
Colorado,Technical,51-8013,Power Plant Operators,250.0,380.0,2873900,410.0,350.0,30.0,108860.0
Colorado,Technical,51-9023,"Mixing and Blending Machine Setters, Operators, and Tenders",640.0,530.0,2873900,530.0,560.0,50.0,51160.0
Colorado,Technical,51-9141,Semiconductor Processing Technicians,790.0,1110.0,2873900,1120.0,1110.0,120.0,53940.0
Connecticut,Digital,15-1211,Computer Systems Analysts,4800.0,6050.0,1696170,6180.0,6650.0,400.0,114960.0
Connecticut,Digital,15-1212,Information Security Analysts,1170.0,1160.0,1696170,1170.0,1460.0,100.0,130840.0
Connecticut,Digital,15-1221,Computer and Information Research Scientists,,,1696170,120.0,150.0,10.0,133580.0
Connecticut,Digital,15-1241,Computer Network Architects,1570.0,1850.0,1696170,1920.0,2120.0,120.0,148180.0
Connecticut,Digital,15-1242,Database Administrators,810.0,770.0,1696170,890.0,860.0,40.0,113250.0
Connecticut,Digital,15-1243,Database Architects,1140.0,700.0,1696170,680.0,710.0,40.0,154520.0
Connecticut,Digital,15-1244,Network and Computer Systems Administrators,2170.0,2050.0,1696170,2060.0,2080.0,100.0,111730.0
Connecticut,Digital,15-1251,Computer Programmers,1650.0,1460.0,1696170,1620.0,1570.0,80.0,121270.0
Connecticut,Digital,15-1252,Software Developers,13660.0,16490.0,1696170,16940.0,19280.0,1110.0,141260.0
Connecticut,Digital,15-1253,Software Quality Assurance Analysts and Testers,1160.0,1200.0,1696170,1190.0,1310.0,80.0,98740.0
Connecticut,Digital,15-1254,Web Developers,750.0,1430.0,1696170,1560.0,1720.0,100.0,91490.0
Connecticut,Digital,15-1255,Web and Digital Interface Designers,1060.0,1040.0,1696170,1190.0,1310.0,90.0,93170.0
Connecticut,Digital,15-2031,Operations Research Analysts,950.0,1020.0,1696170,970.0,1080.0,70.0,97910.0
Connecticut,Digital,15-2041,Statisticians,490.0,320.0,1696170,350.0,360.0,20.0,112850.0
Connecticut,Digital,15-2051,Data Scientists,1760.0,1630.0,1696170,1610.0,2040.0,140.0,129850.0
Connecticut,Technical,17-1011,"Architects, Except Landscape and Naval",1200.0,1180.0,1696170,1420.0,1590.0,100.0,109710.0
Connecticut,Technical,17-1021,Cartographers and Photogrammetrists,150.0,,1696170,130.0,150.0,10.0,87510.0
Connecticut,Technical,17-1022,Surveyors,430.0,530.0,1696170,550.0,630.0,50.0,82710.0
Connecticut,Technical,17-2011,Aerospace Engineers,1160.0,1170.0,1696170,1110.0,1240.0,80.0,128380.0
Connecticut,Technical,17-2041,Chemical Engineers,410.0,380.0,1696170,410.0,460.0,30.0,114410.0
Connecticut,Technical,17-2051,Civil Engineers,4370.0,4130.0,1696170,4080.0,4580.0,300.0,110920.0
Connecticut,Technical,17-2061,Computer Hardware Engineers,340.0,480.0,1696170,460.0,520.0,30.0,
Connecticut,Technical,17-2071,Electrical Engineers,2930.0,2920.0,1696170,2870.0,3450.0,220.0,114730.0
Connecticut,Technical,17-2072,"Electronics Engineers, Except Computer",1130.0,1220.0,1696170,1270.0,1610.0,110.0,118400.0
Connecticut,Technical,17-2112,Industrial Engineers,6020.0,5840.0,1696170,6040.0,7120.0,490.0,109190.0
Connecticut,Technical,17-2131,Materials Engineers,420.0,400.0,1696170,370.0,460.0,30.0,120360.0
Connecticut,Technical,17-2141,Mechanical Engineers,4600.0,5310.0,1696170,5510.0,6780.0,440.0,111530.0
Connecticut,Technical,17-2199,"Engineers, All Other",2430.0,1620.0,1696170,1560.0,1700.0,100.0,120430.0
Connecticut,Technical,17-3011,Architectural and Civil Drafters,810.0,740.0,1696170,770.0,950.0,90.0,73150.0
Connecticut,Technical,17-3012,Electrical and Electronics Drafters,430.0,490.0,1696170,520.0,570.0,50.0,79890.0
Connecticut,Technical,17-3013,Mechanical Drafters,450.0,470.0,1696170,490.0,500.0,40.0,71180.0
Connecticut,Technical,17-3023,Electrical and Electronic Engineering Technologists and Technicians,1190.0,1280.0,1696170,1310.0,1420.0,130.0,83040.0
Connecticut,Technical,17-3024,Electro-Mechanical and Mechatronics Technologists and Technicians,140.0,210.0,1696170,230.0,240.0,20.0,87030.0
Connecticut,Technical,17-3027,Mechanical Engineering Technologists and Technicians,350.0,320.0,1696170,340.0,370.0,30.0,81540.0
Connecticut,Technical,17-3031,Surveying and Mapping Technicians,380.0,390.0,1696170,390.0,430.0,50.0,63650.0
Connecticut,Technical,49-1011,"First-Line Supervisors of Mechanics, Installers, and Repairers",6230.0,6080.0,1696170,6170.0,6510.0,550.0,94870.0
Connecticut,Technical,49-2094,"Electrical and Electronics Repairers, Commercial and Industrial Equipment",430.0,510.0,1696170,530.0,550.0,40.0,80770.0
Connecticut,Technical,49-9021,"Heating, Air Conditioning, and Refrigeration Mechanics and Installers",3800.0,4440.0,1696170,4730.0,5080.0,440.0,73590.0
Connecticut,Technical,49-9041,Industrial Machinery Mechanics,2360.0,2980.0,1696170,2990.0,3660.0,340.0,72230.0
Connecticut,Technical,49-9044,Millwrights,110.0,190.0,1696170,190.0,200.0,20.0,71160.0
Connecticut,Technical,49-9051,Electrical Power-Line Installers and Repairers,940.0,880.0,1696170,890.0,930.0,70.0,107700.0
Connecticut,Technical,51-1011,First-Line Supervisors of Production and Operating Workers,9150.0,9110.0,1696170,9500.0,10280.0,1020.0,85810.0
Connecticut,Technical,51-4041,Machinists,5240.0,6070.0,1696170,6370.0,7190.0,750.0,64030.0
Connecticut,Technical,51-4111,Tool and Die Makers,1880.0,1800.0,1696170,1520.0,1440.0,140.0,75520.0
Connecticut,Technical,51-4121,"Welders, Cutters, Solderers, and Brazers",1790.0,2030.0,1696170,2430.0,2690.0,270.0,66800.0
Connecticut,Technical,51-4193,"Plating Machine Setters, Operators, and Tenders, Metal and Plastic",620.0,660.0,1696170,580.0,550.0,50.0,43750.0
Connecticut,Technical,51-8013,Power Plant Operators,250.0,220.0,1696170,200.0,200.0,20.0,102700.0
Connecticut,Technical,51-9023,"Mixing and Blending Machine Setters, Operators, and Tenders",260.0,400.0,1696170,390.0,380.0,40.0,59480.0
Connecticut,Technical,51-9141,Semiconductor Processing Technicians,50.0,,1696170,,,,49230.0
Delaware,Digital,15-1211,Computer Systems Analysts,2140.0,2940.0,484790,2990.0,3280.0,200.0,115040.0
Delaware,Digital,15-1212,Information Security Analysts,720.0,630.0,484790,640.0,760.0,50.0,137080.0
Delaware,Digital,15-1241,Computer Network Architects,760.0,920.0,484790,910.0,1030.0,60.0,143630.0
Delaware,Digital,15-1242,Database Administrators,670.0,730.0,484790,740.0,740.0,40.0,110100.0
Delaware,Digital,15-1243,Database Architects,,,484790,,,,138080.0
Delaware,Digital,15-1244,Network and Computer Systems Administrators,850.0,930.0,484790,980.0,940.0,40.0,99080.0
Delaware,Digital,15-1251,Computer Programmers,450.0,370.0,484790,400.0,370.0,20.0,
Delaware,Digital,15-1252,Software Developers,3380.0,3850.0,484790,3920.0,4290.0,240.0,138110.0
Delaware,Digital,15-1253,Software Quality Assurance Analysts and Testers,520.0,700.0,484790,700.0,750.0,50.0,113340.0
Delaware,Digital,15-1254,Web Developers,,,484790,,,,82200.0
Delaware,Digital,15-1255,Web and Digital Interface Designers,130.0,200.0,484790,220.0,230.0,20.0,92270.0
Delaware,Digital,15-2031,Operations Research Analysts,660.0,600.0,484790,620.0,710.0,50.0,101810.0
Delaware,Digital,15-2041,Statisticians,70.0,90.0,484790,90.0,100.0,10.0,120720.0
Delaware,Digital,15-2051,Data Scientists,770.0,540.0,484790,500.0,570.0,40.0,
Delaware,Technical,17-1011,"Architects, Except Landscape and Naval",120.0,130.0,484790,140.0,150.0,10.0,108290.0
Delaware,Technical,17-1022,Surveyors,120.0,70.0,484790,70.0,80.0,0.0,89340.0
Delaware,Technical,17-2041,Chemical Engineers,370.0,390.0,484790,380.0,390.0,20.0,131390.0
Delaware,Technical,17-2051,Civil Engineers,920.0,1000.0,484790,1020.0,1090.0,70.0,107650.0
Delaware,Technical,17-2061,Computer Hardware Engineers,30.0,40.0,484790,50.0,50.0,0.0,142200.0
Delaware,Technical,17-2071,Electrical Engineers,660.0,600.0,484790,590.0,630.0,40.0,122850.0
Delaware,Technical,17-2112,Industrial Engineers,820.0,740.0,484790,710.0,800.0,50.0,120480.0
Delaware,Technical,17-2131,Materials Engineers,40.0,50.0,484790,40.0,40.0,0.0,136900.0
Delaware,Technical,17-2141,Mechanical Engineers,610.0,530.0,484790,540.0,600.0,40.0,117710.0
Delaware,Technical,17-2199,"Engineers, All Other",,130.0,484790,140.0,150.0,10.0,106750.0
Delaware,Technical,17-3011,Architectural and Civil Drafters,290.0,390.0,484790,380.0,420.0,40.0,70130.0
Delaware,Technical,17-3012,Electrical and Electronics Drafters,60.0,60.0,484790,60.0,60.0,0.0,65400.0
Delaware,Technical,17-3013,Mechanical Drafters,160.0,150.0,484790,160.0,160.0,10.0,61690.0
Delaware,Technical,17-3023,Electrical and Electronic Engineering Technologists and Technicians,130.0,140.0,484790,140.0,140.0,10.0,73200.0
Delaware,Technical,17-3027,Mechanical Engineering Technologists and Technicians,50.0,,484790,,,,75980.0
Delaware,Technical,17-3031,Surveying and Mapping Technicians,180.0,200.0,484790,200.0,220.0,30.0,58360.0
Delaware,Technical,49-1011,"First-Line Supervisors of Mechanics, Installers, and Repairers",1890.0,1900.0,484790,2000.0,2120.0,180.0,88140.0
Delaware,Technical,49-2094,"Electrical and Electronics Repairers, Commercial and Industrial Equipment",160.0,110.0,484790,110.0,110.0,10.0,84670.0
Delaware,Technical,49-9021,"Heating, Air Conditioning, and Refrigeration Mechanics and Installers",1730.0,1790.0,484790,1880.0,2170.0,200.0,66140.0
Delaware,Technical,49-9041,Industrial Machinery Mechanics,890.0,1040.0,484790,1070.0,1270.0,120.0,71830.0
Delaware,Technical,49-9044,Millwrights,90.0,,484790,,,,67170.0
Delaware,Technical,49-9051,Electrical Power-Line Installers and Repairers,330.0,190.0,484790,230.0,250.0,20.0,91660.0
Delaware,Technical,51-1011,First-Line Supervisors of Production and Operating Workers,1450.0,1450.0,484790,1510.0,1610.0,160.0,84350.0
Delaware,Technical,51-4041,Machinists,310.0,390.0,484790,390.0,430.0,40.0,65400.0
Delaware,Technical,51-4121,"Welders, Cutters, Solderers, and Brazers",600.0,510.0,484790,560.0,610.0,60.0,58470.0
Delaware,Technical,51-8013,Power Plant Operators,80.0,70.0,484790,80.0,70.0,10.0,110380.0
Delaware,Technical,51-9023,"Mixing and Blending Machine Setters, Operators, and Tenders",130.0,160.0,484790,160.0,150.0,10.0,53830.0
District of Columbia,Digital,15-1211,Computer Systems Analysts,2480.0,1590.0,701920,1510.0,1440.0,70.0,128240.0
District of Columbia,Digital,15-1212,Information Security Analysts,1510.0,2010.0,701920,2050.0,2300.0,140.0,143330.0
District of Columbia,Digital,15-1221,Computer and Information Research Scientists,330.0,330.0,701920,430.0,470.0,30.0,148690.0
District of Columbia,Digital,15-1241,Computer Network Architects,1490.0,1180.0,701920,1180.0,1180.0,60.0,145960.0
District of Columbia,Digital,15-1242,Database Administrators,560.0,550.0,701920,490.0,450.0,20.0,115790.0
District of Columbia,Digital,15-1243,Database Architects,790.0,800.0,701920,760.0,720.0,30.0,149300.0
District of Columbia,Digital,15-1244,Network and Computer Systems Administrators,1320.0,1480.0,701920,1500.0,1320.0,50.0,116920.0
District of Columbia,Digital,15-1251,Computer Programmers,230.0,1000.0,701920,510.0,390.0,10.0,
District of Columbia,Digital,15-1252,Software Developers,6120.0,8250.0,701920,7620.0,7630.0,370.0,144430.0
District of Columbia,Digital,15-1253,Software Quality Assurance Analysts and Testers,760.0,750.0,701920,750.0,710.0,40.0,107950.0
District of Columbia,Digital,15-1254,Web Developers,430.0,700.0,701920,670.0,640.0,30.0,119280.0
District of Columbia,Digital,15-1255,Web and Digital Interface Designers,480.0,660.0,701920,750.0,750.0,50.0,116540.0
District of Columbia,Digital,15-2031,Operations Research Analysts,2250.0,2190.0,701920,2360.0,2670.0,180.0,115120.0
District of Columbia,Digital,15-2041,Statisticians,550.0,610.0,701920,780.0,780.0,40.0,137760.0
District of Columbia,Digital,15-2051,Data Scientists,2680.0,3580.0,701920,3040.0,3700.0,240.0,142580.0
District of Columbia,Technical,17-1011,"Architects, Except Landscape and Naval",1700.0,1340.0,701920,1470.0,1500.0,90.0,113890.0
District of Columbia,Technical,17-2011,Aerospace Engineers,290.0,330.0,701920,410.0,430.0,20.0,154410.0
District of Columbia,Technical,17-2051,Civil Engineers,1650.0,1840.0,701920,1680.0,1740.0,100.0,115810.0
District of Columbia,Technical,17-2061,Computer Hardware Engineers,210.0,160.0,701920,210.0,200.0,10.0,162180.0
District of Columbia,Technical,17-2071,Electrical Engineers,330.0,520.0,701920,590.0,590.0,30.0,142760.0
District of Columbia,Technical,17-2072,"Electronics Engineers, Except Computer",400.0,400.0,701920,600.0,560.0,30.0,160720.0
District of Columbia,Technical,17-2112,Industrial Engineers,160.0,130.0,701920,160.0,170.0,10.0,115810.0
District of Columbia,Technical,17-2141,Mechanical Engineers,510.0,590.0,701920,730.0,750.0,40.0,138500.0
District of Columbia,Technical,17-2199,"Engineers, All Other",3560.0,2640.0,701920,3590.0,3330.0,170.0,146600.0
District of Columbia,Technical,17-3011,Architectural and Civil Drafters,370.0,540.0,701920,530.0,550.0,50.0,96900.0
District of Columbia,Technical,17-3023,Electrical and Electronic Engineering Technologists and Technicians,240.0,150.0,701920,270.0,270.0,20.0,100550.0
District of Columbia,Technical,49-1011,"First-Line Supervisors of Mechanics, Installers, and Repairers",1260.0,970.0,701920,830.0,860.0,70.0,92260.0
District of Columbia,Technical,49-9021,"Heating, Air Conditioning, and Refrigeration Mechanics and Installers",400.0,370.0,701920,380.0,410.0,40.0,84920.0
District of Columbia,Technical,49-9041,Industrial Machinery Mechanics,200.0,190.0,701920,200.0,210.0,20.0,83870.0
District of Columbia,Technical,49-9051,Electrical Power-Line Installers and Repairers,150.0,200.0,701920,220.0,240.0,20.0,104050.0
District of Columbia,Technical,51-1011,First-Line Supervisors of Production and Operating Workers,350.0,250.0,701920,210.0,210.0,20.0,87500.0
District of Columbia,Technical,51-4041,Machinists,160.0,230.0,701920,50.0,40.0,0.0,73260.0
District of Columbia,Technical,51-4121,"Welders, Cutters, Solderers, and Brazers",280.0,330.0,701920,230.0,240.0,20.0,61620.0
Florida,Digital,15-1211,Computer Systems Analysts,35270.0,35660.0,9929860,36140.0,42530.0,2790.0,106620.0
Florida,Digital,15-1212,Information Security Analysts,14220.0,13770.0,9929860,13700.0,19120.0,1390.0,124510.0
Florida,Digital,15-1221,Computer and Information Research Scientists,1070.0,1090.0,9929860,1140.0,1460.0,100.0,128620.0
Florida,Digital,15-1241,Computer Network Architects,9370.0,8690.0,9929860,8600.0,10470.0,640.0,137290.0
Florida,Digital,15-1242,Database Administrators,3810.0,4080.0,9929860,4200.0,4460.0,240.0,107750.0
Florida,Digital,15-1243,Database Architects,1810.0,2040.0,9929860,2030.0,2370.0,140.0,142270.0
Florida,Digital,15-1244,Network and Computer Systems Administrators,26890.0,22280.0,9929860,22520.0,23590.0,1220.0,97460.0
Florida,Digital,15-1251,Computer Programmers,4760.0,4700.0,9929860,5030.0,5040.0,270.0,96940.0
Florida,Digital,15-1252,Software Developers,87890.0,82610.0,9929860,83090.0,103280.0,6530.0,137010.0
Florida,Digital,15-1253,Software Quality Assurance Analysts and Testers,10320.0,12080.0,9929860,11860.0,14110.0,960.0,102560.0
Florida,Digital,15-1255,Web and Digital Interface Designers,4620.0,4140.0,9929860,4610.0,5240.0,360.0,89440.0
Florida,Digital,15-2031,Operations Research Analysts,9120.0,8230.0,9929860,8190.0,10560.0,780.0,84250.0
Florida,Digital,15-2041,Statisticians,550.0,620.0,9929860,640.0,750.0,50.0,113520.0
Florida,Digital,15-2051,Data Scientists,10240.0,9480.0,9929860,9660.0,14000.0,1060.0,119150.0
Florida,Technical,17-1011,"Architects, Except Landscape and Naval",5580.0,5500.0,9929860,6150.0,7180.0,490.0,100170.0
Florida,Technical,17-1021,Cartographers and Photogrammetrists,610.0,500.0,9929860,530.0,620.0,50.0,81790.0
Florida,Technical,17-1022,Surveyors,4000.0,4310.0,9929860,4520.0,5300.0,390.0,76490.0
Florida,Technical,17-2011,Aerospace Engineers,3250.0,3100.0,9929860,3280.0,3780.0,240.0,131070.0
Florida,Technical,17-2041,Chemical Engineers,230.0,180.0,9929860,180.0,200.0,10.0,113080.0
Florida,Technical,17-2051,Civil Engineers,23750.0,22780.0,9929860,23230.0,27280.0,1860.0,103810.0
Florida,Technical,17-2061,Computer Hardware Engineers,3290.0,2890.0,9929860,2960.0,3400.0,210.0,137810.0
Florida,Technical,17-2071,Electrical Engineers,9220.0,7400.0,9929860,7430.0,8470.0,520.0,111430.0
Florida,Technical,17-2072,"Electronics Engineers, Except Computer",5280.0,4930.0,9929860,5130.0,5890.0,360.0,123100.0
Florida,Technical,17-2112,Industrial Engineers,14050.0,15310.0,9929860,15220.0,18420.0,1290.0,107170.0
Florida,Technical,17-2131,Materials Engineers,690.0,680.0,9929860,680.0,790.0,50.0,118040.0
Florida,Technical,17-2141,Mechanical Engineers,10740.0,8860.0,9929860,8990.0,10700.0,670.0,105800.0
Florida,Technical,17-2199,"Engineers, All Other",8600.0,9120.0,9929860,9550.0,10270.0,620.0,110430.0
Florida,Technical,17-3011,Architectural and Civil Drafters,7530.0,8140.0,9929860,8210.0,9590.0,890.0,65550.0
Florida,Technical,17-3012,Electrical and Electronics Drafters,660.0,770.0,9929860,820.0,850.0,80.0,70900.0
Florida,Technical,17-3013,Mechanical Drafters,1540.0,1970.0,9929860,2100.0,2190.0,190.0,70180.0
Florida,Technical,17-3023,Electrical and Electronic Engineering Technologists and Technicians,4710.0,5240.0,9929860,5310.0,5520.0,500.0,73820.0
Florida,Technical,17-3024,Electro-Mechanical and Mechatronics Technologists and Technicians,500.0,740.0,9929860,750.0,850.0,80.0,73770.0
Florida,Technical,17-3027,Mechanical Engineering Technologists and Technicians,540.0,750.0,9929860,750.0,810.0,70.0,59650.0
Florida,Technical,17-3031,Surveying and Mapping Technicians,4810.0,4900.0,9929860,5110.0,5990.0,760.0,52010.0
Florida,Technical,49-1011,"First-Line Supervisors of Mechanics, Installers, and Repairers",41250.0,40290.0,9929860,40750.0,45410.0,3930.0,78290.0
Florida,Technical,49-2094,"Electrical and Electronics Repairers, Commercial and Industrial Equipment",3650.0,3760.0,9929860,3790.0,4030.0,330.0,63420.0
Florida,Technical,49-9021,"Heating, Air Conditioning, and Refrigeration Mechanics and Installers",39160.0,38290.0,9929860,40700.0,48180.0,4430.0,57310.0
Florida,Technical,49-9041,Industrial Machinery Mechanics,17120.0,13820.0,9929860,14400.0,18100.0,1690.0,62690.0
Florida,Technical,49-9044,Millwrights,530.0,810.0,9929860,800.0,860.0,80.0,63040.0
Florida,Technical,49-9051,Electrical Power-Line Installers and Repairers,6420.0,7390.0,9929860,7450.0,8060.0,640.0,84900.0
Florida,Technical,51-1011,First-Line Supervisors of Production and Operating Workers,27710.0,28420.0,9929860,28760.0,31630.0,3160.0,71290.0
Florida,Technical,51-4041,Machinists,8400.0,8240.0,9929860,8120.0,8780.0,900.0,57590.0
Florida,Technical,51-4111,Tool and Die Makers,440.0,590.0,9929860,580.0,600.0,60.0,63560.0
Florida,Technical,51-4121,"Welders, Cutters, Solderers, and Brazers",16420.0,16390.0,9929860,17510.0,19680.0,2010.0,54030.0
Florida,Technical,51-4193,"Plating Machine Setters, Operators, and Tenders, Metal and Plastic",530.0,420.0,9929860,440.0,450.0,40.0,45220.0
Florida,Technical,51-8013,Power Plant Operators,1640.0,1330.0,9929860,1330.0,1220.0,110.0,89890.0
Florida,Technical,51-9023,"Mixing and Blending Machine Setters, Operators, and Tenders",3550.0,3390.0,9929860,3430.0,3450.0,340.0,46630.0
Florida,Technical,51-9141,Semiconductor Processing Technicians,190.0,170.0,9929860,180.0,200.0,20.0,60820.0
Georgia,Digital,15-1211,Computer Systems Analysts,11640.0,12200.0,4889170,10820.0,12010.0,740.0,114130.0
Georgia,Digital,15-1212,Information Security Analysts,6290.0,6480.0,4889170,5540.0,7310.0,510.0,131590.0
Georgia,Digital,15-1221,Computer and Information Research Scientists,810.0,700.0,4889170,740.0,780.0,40.0,105860.0
Georgia,Digital,15-1241,Computer Network Architects,7690.0,5980.0,4889170,4970.0,5610.0,320.0,129370.0
Georgia,Digital,15-1242,Database Administrators,2460.0,3020.0,4889170,2670.0,2710.0,140.0,108580.0
Georgia,Digital,15-1243,Database Architects,2590.0,2930.0,4889170,2470.0,2780.0,160.0,144970.0
Georgia,Digital,15-1244,Network and Computer Systems Administrators,9190.0,9310.0,4889170,8260.0,8050.0,370.0,101590.0
Georgia,Digital,15-1251,Computer Programmers,1890.0,2330.0,4889170,2300.0,2220.0,110.0,101520.0
Georgia,Digital,15-1252,Software Developers,49700.0,47350.0,4889170,41140.0,48140.0,2860.0,132150.0
Georgia,Digital,15-1253,Software Quality Assurance Analysts and Testers,7110.0,7830.0,4889170,6640.0,7380.0,470.0,105320.0
Georgia,Digital,15-1254,Web Developers,1500.0,1650.0,4889170,1540.0,1660.0,100.0,92560.0
Georgia,Digital,15-1255,Web and Digital Interface Designers,2800.0,3070.0,4889170,3060.0,3430.0,240.0,112270.0
Georgia,Digital,15-2031,Operations Research Analysts,4600.0,4450.0,4889170,3970.0,4820.0,340.0,85530.0
Georgia,Digital,15-2041,Statisticians,460.0,550.0,4889170,550.0,590.0,30.0,118350.0
Georgia,Digital,15-2051,Data Scientists,9260.0,7730.0,4889170,7160.0,9860.0,720.0,115940.0
Georgia,Technical,17-1011,"Architects, Except Landscape and Naval",2440.0,2630.0,4889170,2760.0,2890.0,180.0,114600.0
Georgia,Technical,17-1021,Cartographers and Photogrammetrists,490.0,590.0,4889170,570.0,630.0,40.0,66050.0
Georgia,Technical,17-1022,Surveyors,1770.0,1720.0,4889170,1710.0,1820.0,120.0,69720.0
Georgia,Technical,17-2011,Aerospace Engineers,2230.0,3060.0,4889170,3120.0,3350.0,200.0,140290.0
Georgia,Technical,17-2041,Chemical Engineers,330.0,340.0,4889170,330.0,340.0,20.0,112180.0
Georgia,Technical,17-2051,Civil Engineers,9400.0,8820.0,4889170,8510.0,9060.0,560.0,98300.0
Georgia,Technical,17-2061,Computer Hardware Engineers,650.0,520.0,4889170,490.0,520.0,30.0,112190.0
Georgia,Technical,17-2071,Electrical Engineers,5950.0,4580.0,4889170,4430.0,4810.0,280.0,
Georgia,Technical,17-2072,"Electronics Engineers, Except Computer",2630.0,2740.0,4889170,2470.0,2540.0,140.0,131550.0
Georgia,Technical,17-2112,Industrial Engineers,8940.0,7410.0,4889170,7120.0,8220.0,550.0,104530.0
Georgia,Technical,17-2131,Materials Engineers,700.0,550.0,4889170,510.0,550.0,40.0,108070.0
Georgia,Technical,17-2141,Mechanical Engineers,5290.0,5180.0,4889170,5070.0,5810.0,350.0,109650.0
Georgia,Technical,17-2199,"Engineers, All Other",4120.0,3970.0,4889170,3860.0,4030.0,240.0,112980.0
Georgia,Technical,17-3011,Architectural and Civil Drafters,3970.0,3480.0,4889170,3370.0,3560.0,310.0,75040.0
Georgia,Technical,17-3012,Electrical and Electronics Drafters,470.0,470.0,4889170,500.0,480.0,40.0,89350.0
Georgia,Technical,17-3013,Mechanical Drafters,820.0,590.0,4889170,610.0,620.0,50.0,74150.0
Georgia,Technical,17-3023,Electrical and Electronic Engineering Technologists and Technicians,1630.0,2150.0,4889170,2080.0,2160.0,200.0,78450.0
Georgia,Technical,17-3024,Electro-Mechanical and Mechatronics Technologists and Technicians,170.0,200.0,4889170,200.0,210.0,20.0,74260.0
Georgia,Technical,17-3027,Mechanical Engineering Technologists and Technicians,560.0,610.0,4889170,580.0,610.0,50.0,78160.0
Georgia,Technical,17-3031,Surveying and Mapping Technicians,1890.0,1350.0,4889170,1330.0,1400.0,170.0,52690.0
Georgia,Technical,49-1011,"First-Line Supervisors of Mechanics, Installers, and Repairers",23180.0,23480.0,4889170,23180.0,25050.0,2130.0,80610.0
Georgia,Technical,49-2094,"Electrical and Electronics Repairers, Commercial and Industrial Equipment",3040.0,3350.0,4889170,3280.0,3260.0,250.0,68040.0
Georgia,Technical,49-9021,"Heating, Air Conditioning, and Refrigeration Mechanics and Installers",12290.0,12210.0,4889170,12490.0,14340.0,1290.0,57080.0
Georgia,Technical,49-9041,Industrial Machinery Mechanics,14230.0,13010.0,4889170,13100.0,15750.0,1440.0,63930.0
Georgia,Technical,49-9044,Millwrights,1780.0,2240.0,4889170,2180.0,2230.0,200.0,63300.0
Georgia,Technical,49-9051,Electrical Power-Line Installers and Repairers,4960.0,4040.0,4889170,4290.0,4560.0,360.0,81890.0
Georgia,Technical,51-1011,First-Line Supervisors of Production and Operating Workers,26190.0,25970.0,4889170,25920.0,27540.0,2700.0,73260.0
Georgia,Technical,51-4041,Machinists,6090.0,6930.0,4889170,6750.0,7410.0,760.0,55690.0
Georgia,Technical,51-4111,Tool and Die Makers,850.0,760.0,4889170,750.0,770.0,80.0,61500.0
Georgia,Technical,51-4121,"Welders, Cutters, Solderers, and Brazers",13130.0,14030.0,4889170,14710.0,16770.0,1720.0,51520.0
Georgia,Technical,51-4193,"Plating Machine Setters, Operators, and Tenders, Metal and Plastic",660.0,660.0,4889170,690.0,680.0,70.0,49250.0
Georgia,Technical,51-8013,Power Plant Operators,590.0,420.0,4889170,440.0,380.0,30.0,99430.0
Georgia,Technical,51-9023,"Mixing and Blending Machine Setters, Operators, and Tenders",3420.0,3960.0,4889170,3830.0,3670.0,350.0,46490.0
Georgia,Technical,51-9141,Semiconductor Processing Technicians,,,4889170,,,,47210.0
Hawaii,Digital,15-1211,Computer Systems Analysts,1670.0,1860.0,627530,1960.0,2090.0,120.0,94480.0
Hawaii,Digital,15-1212,Information Security Analysts,580.0,580.0,627530,600.0,740.0,50.0,122660.0
Hawaii,Digital,15-1221,Computer and Information Research Scientists,70.0,90.0,627530,100.0,120.0,10.0,129070.0
Hawaii,Digital,15-1241,Computer Network Architects,320.0,430.0,627530,440.0,480.0,30.0,118260.0
Hawaii,Digital,15-1242,Database Administrators,100.0,110.0,627530,110.0,100.0,0.0,95710.0
Hawaii,Digital,15-1243,Database Architects,60.0,70.0,627530,70.0,70.0,0.0,147120.0
Hawaii,Digital,15-1244,Network and Computer Systems Administrators,1490.0,2130.0,627530,2170.0,2060.0,90.0,106600.0
Hawaii,Digital,15-1251,Computer Programmers,450.0,,627530,,,,111530.0
Hawaii,Digital,15-1252,Software Developers,1600.0,1940.0,627530,2000.0,2200.0,120.0,134600.0
Hawaii,Digital,15-1253,Software Quality Assurance Analysts and Testers,,210.0,627530,210.0,230.0,10.0,105150.0
Hawaii,Digital,15-1254,Web Developers,310.0,360.0,627530,390.0,400.0,20.0,
Hawaii,Digital,15-1255,Web and Digital Interface Designers,50.0,70.0,627530,80.0,80.0,0.0,
Hawaii,Digital,15-2031,Operations Research Analysts,120.0,110.0,627530,120.0,140.0,10.0,111180.0
Hawaii,Digital,15-2041,Statisticians,90.0,90.0,627530,100.0,110.0,10.0,84900.0
Hawaii,Digital,15-2051,Data Scientists,300.0,240.0,627530,250.0,320.0,20.0,118940.0
Hawaii,Technical,17-1011,"Architects, Except Landscape and Naval",600.0,500.0,627530,600.0,590.0,30.0,96790.0
Hawaii,Technical,17-1022,Surveyors,140.0,120.0,627530,130.0,140.0,10.0,82320.0
Hawaii,Technical,17-2011,Aerospace Engineers,40.0,50.0,627530,50.0,50.0,0.0,158520.0
Hawaii,Technical,17-2051,Civil Engineers,2640.0,1880.0,627530,2060.0,2150.0,130.0,96270.0
Hawaii,Technical,17-2061,Computer Hardware Engineers,90.0,140.0,627530,150.0,160.0,10.0,144240.0
Hawaii,Technical,17-2071,Electrical Engineers,1080.0,980.0,627530,1030.0,1060.0,60.0,111270.0
Hawaii,Technical,17-2072,"Electronics Engineers, Except Computer",310.0,310.0,627530,370.0,360.0,20.0,126190.0
Hawaii,Technical,17-2112,Industrial Engineers,50.0,30.0,627530,30.0,40.0,0.0,124010.0
Hawaii,Technical,17-2141,Mechanical Engineers,530.0,460.0,627530,530.0,550.0,30.0,103410.0
Hawaii,Technical,17-2199,"Engineers, All Other",1100.0,920.0,627530,1060.0,1050.0,60.0,132510.0
Hawaii,Technical,17-3011,Architectural and Civil Drafters,610.0,640.0,627530,660.0,660.0,60.0,68230.0
Hawaii,Technical,17-3012,Electrical and Electronics Drafters,80.0,,627530,,,,71290.0
Hawaii,Technical,17-3023,Electrical and Electronic Engineering Technologists and Technicians,460.0,590.0,627530,620.0,630.0,60.0,95310.0
Hawaii,Technical,17-3031,Surveying and Mapping Technicians,140.0,150.0,627530,160.0,160.0,20.0,56090.0
Hawaii,Technical,49-1011,"First-Line Supervisors of Mechanics, Installers, and Repairers",3380.0,3110.0,627530,3250.0,3360.0,280.0,93640.0
Hawaii,Technical,49-2094,"Electrical and Electronics Repairers, Commercial and Industrial Equipment",400.0,390.0,627530,450.0,430.0,30.0,85400.0
Hawaii,Technical,49-9021,"Heating, Air Conditioning, and Refrigeration Mechanics and Installers",1300.0,1110.0,627530,1200.0,1280.0,110.0,67070.0
Hawaii,Technical,49-9041,Industrial Machinery Mechanics,910.0,760.0,627530,840.0,900.0,80.0,82700.0
Hawaii,Technical,49-9051,Electrical Power-Line Installers and Repairers,600.0,440.0,627530,460.0,480.0,40.0,118110.0
Hawaii,Technical,51-1011,First-Line Supervisors of Production and Operating Workers,1500.0,1680.0,627530,1750.0,1800.0,180.0,79250.0
Hawaii,Technical,51-4041,Machinists,260.0,290.0,627530,330.0,320.0,30.0,81610.0
Hawaii,Technical,51-4121,"Welders, Cutters, Solderers, and Brazers",520.0,570.0,627530,670.0,680.0,70.0,77430.0
Hawaii,Technical,51-8013,Power Plant Operators,290.0,430.0,627530,430.0,380.0,40.0,119700.0
Idaho,Digital,15-1211,Computer Systems Analysts,1650.0,2230.0,857440,1600.0,1890.0,120.0,82730.0
Idaho,Digital,15-1212,Information Security Analysts,840.0,870.0,857440,730.0,1010.0,70.0,
Idaho,Digital,15-1221,Computer and Information Research Scientists,70.0,,857440,70.0,90.0,10.0,
Idaho,Digital,15-1241,Computer Network Architects,720.0,1160.0,857440,700.0,820.0,50.0,118790.0
Idaho,Digital,15-1242,Database Administrators,180.0,160.0,857440,160.0,160.0,10.0,90270.0
Idaho,Digital,15-1243,Database Architects,260.0,350.0,857440,240.0,280.0,20.0,131490.0
Idaho,Digital,15-1244,Network and Computer Systems Administrators,1010.0,870.0,857440,840.0,860.0,40.0,96260.0
Idaho,Digital,15-1251,Computer Programmers,,170.0,857440,340.0,350.0,20.0,90990.0
Idaho,Digital,15-1252,Software Developers,5750.0,4960.0,857440,6330.0,7590.0,460.0,134370.0
Idaho,Digital,15-1253,Software Quality Assurance Analysts and Testers,560.0,490.0,857440,570.0,680.0,50.0,
Idaho,Digital,15-1254,Web Developers,220.0,210.0,857440,220.0,260.0,20.0,81400.0
Idaho,Digital,15-1255,Web and Digital Interface Designers,340.0,390.0,857440,310.0,340.0,20.0,78600.0
Idaho,Digital,15-2031,Operations Research Analysts,500.0,500.0,857440,470.0,610.0,40.0,100360.0
Idaho,Digital,15-2041,Statisticians,160.0,,857440,140.0,160.0,10.0,
Idaho,Digital,15-2051,Data Scientists,1350.0,980.0,857440,1360.0,1940.0,140.0,110220.0
Idaho,Technical,17-1011,"Architects, Except Landscape and Naval",850.0,640.0,857440,910.0,1040.0,70.0,96010.0
Idaho,Technical,17-1021,Cartographers and Photogrammetrists,100.0,110.0,857440,90.0,100.0,10.0,73140.0
Idaho,Technical,17-1022,Surveyors,250.0,270.0,857440,240.0,270.0,20.0,78680.0
Idaho,Technical,17-2011,Aerospace Engineers,190.0,,857440,200.0,240.0,20.0,98710.0
Idaho,Technical,17-2041,Chemical Engineers,140.0,160.0,857440,140.0,160.0,10.0,128840.0
Idaho,Technical,17-2051,Civil Engineers,2630.0,2630.0,857440,2700.0,3010.0,200.0,101160.0
Idaho,Technical,17-2061,Computer Hardware Engineers,920.0,820.0,857440,1650.0,1850.0,110.0,138160.0
Idaho,Technical,17-2071,Electrical Engineers,1000.0,920.0,857440,900.0,1060.0,70.0,126200.0
Idaho,Technical,17-2072,"Electronics Engineers, Except Computer",500.0,380.0,857440,810.0,910.0,60.0,114080.0
Idaho,Technical,17-2112,Industrial Engineers,1330.0,1430.0,857440,1930.0,2340.0,160.0,107150.0
Idaho,Technical,17-2131,Materials Engineers,90.0,80.0,857440,90.0,100.0,10.0,98410.0
Idaho,Technical,17-2141,Mechanical Engineers,1070.0,970.0,857440,1180.0,1410.0,90.0,98430.0
Idaho,Technical,17-2199,"Engineers, All Other",560.0,590.0,857440,730.0,810.0,50.0,131260.0
Idaho,Technical,17-3011,Architectural and Civil Drafters,1010.0,1110.0,857440,1070.0,1200.0,110.0,66900.0
Idaho,Technical,17-3012,Electrical and Electronics Drafters,100.0,40.0,857440,100.0,100.0,10.0,82520.0
Idaho,Technical,17-3013,Mechanical Drafters,330.0,250.0,857440,370.0,390.0,30.0,68050.0
Idaho,Technical,17-3023,Electrical and Electronic Engineering Technologists and Technicians,650.0,680.0,857440,950.0,990.0,90.0,73570.0
Idaho,Technical,17-3024,Electro-Mechanical and Mechatronics Technologists and Technicians,120.0,130.0,857440,130.0,150.0,10.0,68350.0
Idaho,Technical,17-3027,Mechanical Engineering Technologists and Technicians,30.0,100.0,857440,,,,68450.0
Idaho,Technical,17-3031,Surveying and Mapping Technicians,450.0,930.0,857440,460.0,520.0,70.0,54930.0
Idaho,Technical,49-1011,"First-Line Supervisors of Mechanics, Installers, and Repairers",3780.0,3630.0,857440,4010.0,4490.0,390.0,78370.0
Idaho,Technical,49-2094,"Electrical and Electronics Repairers, Commercial and Industrial Equipment",420.0,210.0,857440,500.0,540.0,40.0,68570.0
Idaho,Technical,49-9021,"Heating, Air Conditioning, and Refrigeration Mechanics and Installers",4550.0,3570.0,857440,8500.0,10870.0,1040.0,60010.0
Idaho,Technical,49-9041,Industrial Machinery Mechanics,2750.0,1780.0,857440,3780.0,4930.0,470.0,65270.0
Idaho,Technical,49-9044,Millwrights,410.0,300.0,857440,700.0,760.0,70.0,66260.0
Idaho,Technical,49-9051,Electrical Power-Line Installers and Repairers,860.0,800.0,857440,250.0,280.0,20.0,113480.0
Idaho,Technical,49-9081,Wind Turbine Service Technicians,40.0,,857440,,,,66000.0
Idaho,Technical,51-1011,First-Line Supervisors of Production and Operating Workers,3900.0,3630.0,857440,5210.0,5860.0,590.0,73890.0
Idaho,Technical,51-4041,Machinists,1070.0,1150.0,857440,1250.0,1340.0,140.0,59480.0
Idaho,Technical,51-4111,Tool and Die Makers,50.0,40.0,857440,60.0,60.0,10.0,59110.0
Idaho,Technical,51-4121,"Welders, Cutters, Solderers, and Brazers",3300.0,3300.0,857440,3920.0,4430.0,450.0,54290.0
Idaho,Technical,51-4193,"Plating Machine Setters, Operators, and Tenders, Metal and Plastic",60.0,60.0,857440,60.0,60.0,0.0,44380.0
Idaho,Technical,51-8013,Power Plant Operators,310.0,280.0,857440,70.0,80.0,10.0,112490.0
Idaho,Technical,51-9023,"Mixing and Blending Machine Setters, Operators, and Tenders",510.0,760.0,857440,640.0,670.0,70.0,45570.0
Illinois,Digital,15-1211,Computer Systems Analysts,20610.0,22350.0,6098130,21940.0,23060.0,1340.0,104190.0
Illinois,Digital,15-1212,Information Security Analysts,5260.0,4560.0,6098130,4380.0,5280.0,340.0,127000.0
Illinois,Digital,15-1221,Computer and Information Research Scientists,630.0,350.0,6098130,370.0,440.0,30.0,142950.0
Illinois,Digital,15-1241,Computer Network Architects,7810.0,6450.0,6098130,6420.0,6730.0,340.0,138530.0
Illinois,Digital,15-1242,Database Administrators,2340.0,2290.0,6098130,2900.0,2790.0,130.0,108300.0
Illinois,Digital,15-1243,Database Architects,1590.0,1460.0,6098130,1520.0,1550.0,80.0,144790.0
Illinois,Digital,15-1244,Network and Computer Systems Administrators,9820.0,10830.0,6098130,11120.0,10500.0,460.0,105450.0
Illinois,Digital,15-1251,Computer Programmers,1280.0,1470.0,6098130,1590.0,1430.0,60.0,87660.0
Illinois,Digital,15-1252,Software Developers,56310.0,54490.0,6098130,54720.0,59060.0,3190.0,136540.0
Illinois,Digital,15-1253,Software Quality Assurance Analysts and Testers,6530.0,6800.0,6098130,6770.0,6960.0,410.0,107950.0
Illinois,Digital,15-1254,Web Developers,4310.0,3170.0,6098130,3340.0,3480.0,200.0,95460.0
Illinois,Digital,15-1255,Web and Digital Interface Designers,2050.0,2140.0,6098130,2340.0,2360.0,150.0,98960.0
Illinois,Digital,15-2031,Operations Research Analysts,5180.0,5020.0,6098130,5000.0,5970.0,410.0,104580.0
Illinois,Digital,15-2041,Statisticians,480.0,490.0,6098130,480.0,530.0,30.0,120170.0
Illinois,Digital,15-2051,Data Scientists,10520.0,7390.0,6098130,7590.0,9680.0,660.0,117870.0
Illinois,Technical,17-1011,"Architects, Except Landscape and Naval",5130.0,5580.0,6098130,5950.0,6230.0,380.0,92840.0
Illinois,Technical,17-1021,Cartographers and Photogrammetrists,180.0,,6098130,,,,67710.0
Illinois,Technical,17-1022,Surveyors,1710.0,1450.0,6098130,1470.0,1550.0,100.0,81660.0
Illinois,Technical,17-2011,Aerospace Engineers,200.0,280.0,6098130,280.0,270.0,20.0,125610.0
Illinois,Technical,17-2041,Chemical Engineers,520.0,490.0,6098130,520.0,530.0,30.0,123570.0
Illinois,Technical,17-2051,Civil Engineers,13910.0,13400.0,6098130,13490.0,14340.0,880.0,105390.0
Illinois,Technical,17-2061,Computer Hardware Engineers,1420.0,1500.0,6098130,1500.0,1540.0,80.0,138940.0
Illinois,Technical,17-2071,Electrical Engineers,5460.0,5820.0,6098130,5850.0,6070.0,330.0,114640.0
Illinois,Technical,17-2072,"Electronics Engineers, Except Computer",960.0,1120.0,6098130,1190.0,1190.0,60.0,132450.0
Illinois,Technical,17-2112,Industrial Engineers,18640.0,16590.0,6098130,16230.0,17650.0,1120.0,105820.0
Illinois,Technical,17-2131,Materials Engineers,290.0,180.0,6098130,190.0,200.0,10.0,122070.0
Illinois,Technical,17-2141,Mechanical Engineers,11790.0,9920.0,6098130,10440.0,11020.0,600.0,111380.0
Illinois,Technical,17-2199,"Engineers, All Other",2520.0,3010.0,6098130,2940.0,3020.0,180.0,112600.0
Illinois,Technical,17-3011,Architectural and Civil Drafters,1310.0,1760.0,6098130,1750.0,1830.0,160.0,63050.0
Illinois,Technical,17-3012,Electrical and Electronics Drafters,150.0,210.0,6098130,220.0,210.0,20.0,74040.0
Illinois,Technical,17-3013,Mechanical Drafters,450.0,710.0,6098130,740.0,670.0,50.0,71290.0
Illinois,Technical,17-3023,Electrical and Electronic Engineering Technologists and Technicians,1980.0,2110.0,6098130,2060.0,2030.0,180.0,86320.0
Illinois,Technical,17-3024,Electro-Mechanical and Mechatronics Technologists and Technicians,250.0,320.0,6098130,330.0,310.0,20.0,82920.0
Illinois,Technical,17-3027,Mechanical Engineering Technologists and Technicians,1170.0,1470.0,6098130,1480.0,1400.0,110.0,79370.0
Illinois,Technical,17-3031,Surveying and Mapping Technicians,1110.0,1130.0,6098130,1150.0,1220.0,150.0,60110.0
Illinois,Technical,49-1011,"First-Line Supervisors of Mechanics, Installers, and Repairers",17710.0,18120.0,6098130,18340.0,18860.0,1550.0,88900.0
Illinois,Technical,49-2094,"Electrical and Electronics Repairers, Commercial and Industrial Equipment",1150.0,560.0,6098130,560.0,540.0,40.0,61690.0
Illinois,Technical,49-9021,"Heating, Air Conditioning, and Refrigeration Mechanics and Installers",9740.0,8510.0,6098130,8650.0,9420.0,820.0,77570.0
Illinois,Technical,49-9041,Industrial Machinery Mechanics,12100.0,9460.0,6098130,9590.0,11330.0,1030.0,76250.0
Illinois,Technical,49-9044,Millwrights,2160.0,1850.0,6098130,1860.0,1860.0,160.0,70530.0
Illinois,Technical,49-9051,Electrical Power-Line Installers and Repairers,3090.0,3670.0,6098130,3650.0,4000.0,320.0,107820.0
Illinois,Technical,51-1011,First-Line Supervisors of Production and Operating Workers,29640.0,32330.0,6098130,32630.0,32860.0,3140.0,76340.0
Illinois,Technical,51-4041,Machinists,16520.0,16100.0,6098130,16200.0,15360.0,1470.0,58920.0
Illinois,Technical,51-4111,Tool and Die Makers,5220.0,4590.0,6098130,4560.0,3960.0,370.0,61060.0
Illinois,Technical,51-4121,"Welders, Cutters, Solderers, and Brazers",16260.0,17340.0,6098130,18180.0,17850.0,1710.0,55930.0
Illinois,Technical,51-4193,"Plating Machine Setters, Operators, and Tenders, Metal and Plastic",2380.0,1880.0,6098130,1900.0,1520.0,130.0,41990.0
Illinois,Technical,51-8013,Power Plant Operators,1160.0,1630.0,6098130,1620.0,1450.0,130.0,103620.0
Illinois,Technical,51-9023,"Mixing and Blending Machine Setters, Operators, and Tenders",10240.0,7900.0,6098130,8000.0,7840.0,760.0,56920.0
Indiana,Digital,15-1211,Computer Systems Analysts,9660.0,9540.0,3201220,9550.0,10960.0,700.0,103350.0
Indiana,Digital,15-1212,Information Security Analysts,2260.0,2540.0,3201220,2490.0,3480.0,250.0,106020.0
Indiana,Digital,15-1221,Computer and Information Research Scientists,720.0,700.0,3201220,700.0,840.0,60.0,92800.0
Indiana,Digital,15-1241,Computer Network Architects,2030.0,2010.0,3201220,1980.0,2400.0,150.0,123940.0
Indiana,Digital,15-1242,Database Administrators,930.0,1180.0,3201220,1530.0,1670.0,90.0,98070.0
Indiana,Digital,15-1243,Database Architects,500.0,670.0,3201220,660.0,810.0,50.0,134490.0
Indiana,Digital,15-1244,Network and Computer Systems Administrators,4310.0,5050.0,3201220,5070.0,4980.0,230.0,90560.0
Indiana,Digital,15-1251,Computer Programmers,1520.0,2120.0,3201220,2080.0,2090.0,110.0,98340.0
Indiana,Digital,15-1252,Software Developers,14130.0,12690.0,3201220,11750.0,14390.0,900.0,113980.0
Indiana,Digital,15-1253,Software Quality Assurance Analysts and Testers,1610.0,1630.0,3201220,1640.0,1970.0,140.0,91470.0
Indiana,Digital,15-1254,Web Developers,860.0,760.0,3201220,980.0,1100.0,70.0,84480.0
Indiana,Digital,15-1255,Web and Digital Interface Designers,1160.0,1390.0,3201220,1460.0,1590.0,110.0,76420.0
Indiana,Digital,15-2031,Operations Research Analysts,1380.0,1660.0,3201220,1650.0,2010.0,140.0,93070.0
Indiana,Digital,15-2041,Statisticians,230.0,240.0,3201220,240.0,260.0,20.0,109110.0
Indiana,Digital,15-2051,Data Scientists,3580.0,3120.0,3201220,3120.0,4290.0,310.0,98340.0
Indiana,Technical,17-1011,"Architects, Except Landscape and Naval",1430.0,1250.0,3201220,1580.0,1740.0,110.0,107810.0
Indiana,Technical,17-1021,Cartographers and Photogrammetrists,40.0,,3201220,30.0,40.0,0.0,72140.0
Indiana,Technical,17-1022,Surveyors,870.0,1000.0,3201220,1100.0,1220.0,90.0,83000.0
Indiana,Technical,17-2011,Aerospace Engineers,440.0,470.0,3201220,500.0,550.0,30.0,118360.0
Indiana,Technical,17-2041,Chemical Engineers,720.0,330.0,3201220,360.0,380.0,20.0,114590.0
Indiana,Technical,17-2051,Civil Engineers,4030.0,4300.0,3201220,4480.0,4920.0,320.0,100010.0
Indiana,Technical,17-2061,Computer Hardware Engineers,320.0,300.0,3201220,310.0,320.0,20.0,105270.0
Indiana,Technical,17-2071,Electrical Engineers,4000.0,3860.0,3201220,3910.0,4400.0,270.0,107710.0
Indiana,Technical,17-2072,"Electronics Engineers, Except Computer",1420.0,1820.0,3201220,1830.0,1890.0,100.0,117240.0
Indiana,Technical,17-2112,Industrial Engineers,11680.0,10990.0,3201220,10910.0,12280.0,810.0,99600.0
Indiana,Technical,17-2131,Materials Engineers,570.0,470.0,3201220,480.0,510.0,30.0,103160.0
Indiana,Technical,17-2141,Mechanical Engineers,8690.0,8650.0,3201220,8830.0,9780.0,560.0,104670.0
Indiana,Technical,17-2199,"Engineers, All Other",1540.0,1980.0,3201220,2040.0,2130.0,130.0,116950.0
Indiana,Technical,17-3011,Architectural and Civil Drafters,2240.0,1700.0,3201220,1810.0,1970.0,180.0,64350.0
Indiana,Technical,17-3012,Electrical and Electronics Drafters,360.0,310.0,3201220,340.0,330.0,30.0,84150.0
Indiana,Technical,17-3013,Mechanical Drafters,1300.0,1590.0,3201220,1640.0,1550.0,130.0,65210.0
Indiana,Technical,17-3023,Electrical and Electronic Engineering Technologists and Technicians,1800.0,1970.0,3201220,2020.0,2140.0,200.0,75340.0
Indiana,Technical,17-3024,Electro-Mechanical and Mechatronics Technologists and Technicians,290.0,130.0,3201220,140.0,140.0,10.0,54370.0
Indiana,Technical,17-3027,Mechanical Engineering Technologists and Technicians,1500.0,1750.0,3201220,1730.0,1680.0,140.0,76020.0
Indiana,Technical,17-3031,Surveying and Mapping Technicians,1060.0,950.0,3201220,1020.0,1120.0,140.0,55990.0
Indiana,Technical,49-1011,"First-Line Supervisors of Mechanics, Installers, and Repairers",13210.0,13160.0,3201220,13490.0,13940.0,1150.0,84150.0
Indiana,Technical,49-2094,"Electrical and Electronics Repairers, Commercial and Industrial Equipment",1100.0,760.0,3201220,750.0,770.0,60.0,66960.0
Indiana,Technical,49-9021,"Heating, Air Conditioning, and Refrigeration Mechanics and Installers",8530.0,7620.0,3201220,8220.0,9020.0,790.0,65110.0
Indiana,Technical,49-9041,Industrial Machinery Mechanics,14960.0,17700.0,3201220,17980.0,21040.0,1890.0,67220.0
Indiana,Technical,49-9044,Millwrights,1760.0,1910.0,3201220,1900.0,1890.0,170.0,75640.0
Indiana,Technical,49-9051,Electrical Power-Line Installers and Repairers,2540.0,2440.0,3201220,2440.0,2640.0,210.0,91190.0
Indiana,Technical,49-9081,Wind Turbine Service Technicians,140.0,150.0,3201220,180.0,300.0,30.0,73190.0
Indiana,Technical,51-1011,First-Line Supervisors of Production and Operating Workers,26870.0,25830.0,3201220,25970.0,26500.0,2550.0,74450.0
Indiana,Technical,51-4041,Machinists,14320.0,16510.0,3201220,16740.0,17230.0,1720.0,56590.0
Indiana,Technical,51-4111,Tool and Die Makers,4090.0,3580.0,3201220,3550.0,3180.0,300.0,69620.0
Indiana,Technical,51-4121,"Welders, Cutters, Solderers, and Brazers",13280.0,13260.0,3201220,13820.0,14140.0,1380.0,54220.0
Indiana,Technical,51-4193,"Plating Machine Setters, Operators, and Tenders, Metal and Plastic",1250.0,1920.0,3201220,1910.0,1620.0,150.0,43370.0
Indiana,Technical,51-8013,Power Plant Operators,1190.0,900.0,3201220,890.0,800.0,70.0,103120.0
Indiana,Technical,51-9023,"Mixing and Blending Machine Setters, Operators, and Tenders",4840.0,3760.0,3201220,3820.0,3710.0,360.0,50700.0
Iowa,Digital,15-1211,Computer Systems Analysts,4760.0,4490.0,1559240,4710.0,5150.0,310.0,96130.0
Iowa,Digital,15-1212,Information Security Analysts,1160.0,1180.0,1559240,1190.0,1530.0,100.0,119800.0
Iowa,Digital,15-1241,Computer Network Architects,1170.0,1200.0,1559240,1220.0,1360.0,80.0,109740.0
Iowa,Digital,15-1242,Database Administrators,360.0,380.0,1559240,440.0,440.0,20.0,103420.0
Iowa,Digital,15-1243,Database Architects,240.0,280.0,1559240,290.0,320.0,20.0,122810.0
Iowa,Digital,15-1244,Network and Computer Systems Administrators,3110.0,3100.0,1559240,3270.0,3180.0,150.0,90730.0
Iowa,Digital,15-1251,Computer Programmers,950.0,1020.0,1559240,1570.0,1490.0,70.0,87010.0
Iowa,Digital,15-1252,Software Developers,9040.0,9840.0,1559240,6970.0,7760.0,440.0,118780.0
Iowa,Digital,15-1253,Software Quality Assurance Analysts and Testers,1000.0,1080.0,1559240,2400.0,2660.0,170.0,91640.0
Iowa,Digital,15-1254,Web Developers,420.0,510.0,1559240,1540.0,1730.0,110.0,74510.0
Iowa,Digital,15-1255,Web and Digital Interface Designers,670.0,620.0,1559240,850.0,930.0,60.0,72090.0
Iowa,Digital,15-2031,Operations Research Analysts,300.0,350.0,1559240,470.0,580.0,40.0,90760.0
Iowa,Digital,15-2041,Statisticians,250.0,280.0,1559240,310.0,350.0,20.0,82910.0
Iowa,Digital,15-2051,Data Scientists,2300.0,2330.0,1559240,2350.0,3150.0,220.0,98100.0
Iowa,Technical,17-1011,"Architects, Except Landscape and Naval",650.0,750.0,1559240,750.0,800.0,50.0,104150.0
Iowa,Technical,17-1021,Cartographers and Photogrammetrists,90.0,80.0,1559240,90.0,100.0,10.0,83290.0
Iowa,Technical,17-1022,Surveyors,450.0,450.0,1559240,400.0,420.0,30.0,86740.0
Iowa,Technical,17-2011,Aerospace Engineers,40.0,,1559240,,,,
Iowa,Technical,17-2041,Chemical Engineers,40.0,60.0,1559240,160.0,160.0,10.0,112070.0
Iowa,Technical,17-2051,Civil Engineers,2500.0,2560.0,1559240,2540.0,2730.0,170.0,99950.0
Iowa,Technical,17-2061,Computer Hardware Engineers,130.0,200.0,1559240,200.0,220.0,10.0,137120.0
Iowa,Technical,17-2071,Electrical Engineers,1280.0,1250.0,1559240,1250.0,1360.0,80.0,113330.0
Iowa,Technical,17-2072,"Electronics Engineers, Except Computer",350.0,290.0,1559240,290.0,330.0,20.0,87480.0
Iowa,Technical,17-2112,Industrial Engineers,3600.0,3920.0,1559240,3490.0,4060.0,280.0,99900.0
Iowa,Technical,17-2131,Materials Engineers,200.0,310.0,1559240,330.0,360.0,20.0,82220.0
Iowa,Technical,17-2141,Mechanical Engineers,3470.0,4230.0,1559240,4170.0,4780.0,290.0,99230.0
Iowa,Technical,17-2199,"Engineers, All Other",1100.0,1220.0,1559240,970.0,1030.0,60.0,103560.0
Iowa,Technical,17-3011,Architectural and Civil Drafters,980.0,900.0,1559240,1030.0,1100.0,100.0,69410.0
Iowa,Technical,17-3012,Electrical and Electronics Drafters,180.0,170.0,1559240,180.0,160.0,10.0,77110.0
Iowa,Technical,17-3013,Mechanical Drafters,630.0,590.0,1559240,720.0,690.0,60.0,66820.0
Iowa,Technical,17-3023,Electrical and Electronic Engineering Technologists and Technicians,880.0,870.0,1559240,910.0,930.0,80.0,74800.0
Iowa,Technical,17-3024,Electro-Mechanical and Mechatronics Technologists and Technicians,180.0,60.0,1559240,160.0,160.0,10.0,71120.0
Iowa,Technical,17-3027,Mechanical Engineering Technologists and Technicians,500.0,610.0,1559240,610.0,620.0,50.0,78060.0
Iowa,Technical,17-3031,Surveying and Mapping Technicians,390.0,350.0,1559240,360.0,380.0,50.0,58860.0
Iowa,Technical,49-1011,"First-Line Supervisors of Mechanics, Installers, and Repairers",6450.0,5860.0,1559240,6150.0,6460.0,540.0,80370.0
Iowa,Technical,49-2094,"Electrical and Electronics Repairers, Commercial and Industrial Equipment",1130.0,900.0,1559240,700.0,740.0,60.0,72990.0
Iowa,Technical,49-9021,"Heating, Air Conditioning, and Refrigeration Mechanics and Installers",3840.0,3990.0,1559240,3710.0,4130.0,370.0,63120.0
Iowa,Technical,49-9041,Industrial Machinery Mechanics,6050.0,5860.0,1559240,6140.0,7470.0,690.0,66440.0
Iowa,Technical,49-9044,Millwrights,690.0,920.0,1559240,900.0,930.0,80.0,64500.0
Iowa,Technical,49-9051,Electrical Power-Line Installers and Repairers,1390.0,1440.0,1559240,1710.0,1790.0,140.0,92740.0
Iowa,Technical,49-9081,Wind Turbine Service Technicians,900.0,700.0,1559240,710.0,1180.0,140.0,73070.0
Iowa,Technical,51-1011,First-Line Supervisors of Production and Operating Workers,10130.0,10630.0,1559240,10580.0,11170.0,1090.0,74190.0
Iowa,Technical,51-4041,Machinists,2880.0,3010.0,1559240,3740.0,3900.0,390.0,56960.0
Iowa,Technical,51-4111,Tool and Die Makers,760.0,720.0,1559240,860.0,820.0,80.0,65780.0
Iowa,Technical,51-4121,"Welders, Cutters, Solderers, and Brazers",9270.0,9250.0,1559240,9100.0,9800.0,980.0,55580.0
Iowa,Technical,51-4193,"Plating Machine Setters, Operators, and Tenders, Metal and Plastic",440.0,170.0,1559240,170.0,160.0,20.0,59160.0
Iowa,Technical,51-8013,Power Plant Operators,470.0,380.0,1559240,430.0,390.0,40.0,93580.0
Iowa,Technical,51-9023,"Mixing and Blending Machine Setters, Operators, and Tenders",2310.0,2320.0,1559240,3020.0,2950.0,280.0,54450.0
Kansas,Digital,15-1211,Computer Systems Analysts,3740.0,4090.0,1437520,4160.0,4380.0,260.0,106390.0
Kansas,Digital,15-1212,Information Security Analysts,1830.0,1380.0,1437520,1380.0,1730.0,120.0,104550.0
Kansas,Digital,15-1241,Computer Network Architects,1770.0,1600.0,1437520,1600.0,1760.0,100.0,105830.0
Kansas,Digital,15-1242,Database Administrators,440.0,560.0,1437520,590.0,580.0,30.0,107100.0
Kansas,Digital,15-1243,Database Architects,360.0,390.0,1437520,390.0,430.0,20.0,124980.0
Kansas,Digital,15-1244,Network and Computer Systems Administrators,4100.0,3610.0,1437520,3640.0,3420.0,150.0,90100.0
Kansas,Digital,15-1251,Computer Programmers,460.0,600.0,1437520,640.0,600.0,30.0,99410.0
Kansas,Digital,15-1252,Software Developers,13580.0,15850.0,1437520,16040.0,18160.0,1040.0,116560.0
Kansas,Digital,15-1253,Software Quality Assurance Analysts and Testers,1140.0,1320.0,1437520,1320.0,1400.0,80.0,93900.0
Kansas,Digital,15-1254,Web Developers,500.0,440.0,1437520,480.0,500.0,30.0,81840.0
Kansas,Digital,15-1255,Web and Digital Interface Designers,200.0,380.0,1437520,460.0,470.0,30.0,76250.0
Kansas,Digital,15-2031,Operations Research Analysts,,550.0,1437520,530.0,600.0,40.0,96580.0
Kansas,Digital,15-2041,Statisticians,80.0,50.0,1437520,,,,118170.0
Kansas,Digital,15-2051,Data Scientists,490.0,340.0,1437520,350.0,460.0,30.0,105080.0
Kansas,Technical,17-1011,"Architects, Except Landscape and Naval",840.0,980.0,1437520,1100.0,1140.0,70.0,94030.0
Kansas,Technical,17-1021,Cartographers and Photogrammetrists,230.0,260.0,1437520,270.0,280.0,20.0,
Kansas,Technical,17-1022,Surveyors,350.0,400.0,1437520,420.0,430.0,30.0,79070.0
Kansas,Technical,17-2011,Aerospace Engineers,1730.0,1900.0,1437520,1930.0,2100.0,130.0,125550.0
Kansas,Technical,17-2041,Chemical Engineers,280.0,260.0,1437520,280.0,280.0,20.0,115070.0
Kansas,Technical,17-2051,Civil Engineers,2880.0,3140.0,1437520,3200.0,3330.0,200.0,100810.0
Kansas,Technical,17-2061,Computer Hardware Engineers,220.0,190.0,1437520,190.0,210.0,10.0,110430.0
Kansas,Technical,17-2071,Electrical Engineers,2100.0,2320.0,1437520,2340.0,2580.0,150.0,110860.0
Kansas,Technical,17-2072,"Electronics Engineers, Except Computer",770.0,890.0,1437520,900.0,990.0,60.0,111250.0
Kansas,Technical,17-2112,Industrial Engineers,3450.0,3210.0,1437520,3210.0,3630.0,240.0,103070.0
Kansas,Technical,17-2131,Materials Engineers,270.0,260.0,1437520,260.0,290.0,20.0,116270.0
Kansas,Technical,17-2141,Mechanical Engineers,4630.0,4120.0,1437520,4150.0,4500.0,250.0,97840.0
Kansas,Technical,17-2199,"Engineers, All Other",780.0,770.0,1437520,770.0,790.0,50.0,83750.0
Kansas,Technical,17-3011,Architectural and Civil Drafters,630.0,660.0,1437520,670.0,690.0,60.0,63790.0
Kansas,Technical,17-3012,Electrical and Electronics Drafters,210.0,250.0,1437520,260.0,260.0,20.0,65770.0
Kansas,Technical,17-3013,Mechanical Drafters,540.0,460.0,1437520,490.0,470.0,40.0,71170.0
Kansas,Technical,17-3023,Electrical and Electronic Engineering Technologists and Technicians,770.0,720.0,1437520,710.0,720.0,60.0,71340.0
Kansas,Technical,17-3027,Mechanical Engineering Technologists and Technicians,410.0,200.0,1437520,200.0,200.0,20.0,67860.0
Kansas,Technical,17-3031,Surveying and Mapping Technicians,730.0,570.0,1437520,600.0,620.0,80.0,56840.0
Kansas,Technical,49-1011,"First-Line Supervisors of Mechanics, Installers, and Repairers",6780.0,6750.0,1437520,6820.0,6920.0,560.0,81900.0
Kansas,Technical,49-2094,"Electrical and Electronics Repairers, Commercial and Industrial Equipment",340.0,380.0,1437520,380.0,390.0,30.0,78080.0
Kansas,Technical,49-9021,"Heating, Air Conditioning, and Refrigeration Mechanics and Installers",3770.0,4100.0,1437520,4360.0,4740.0,420.0,61470.0
Kansas,Technical,49-9041,Industrial Machinery Mechanics,7700.0,6570.0,1437520,6720.0,7840.0,700.0,69200.0
Kansas,Technical,49-9044,Millwrights,840.0,1270.0,1437520,1280.0,1280.0,110.0,73180.0
Kansas,Technical,49-9051,Electrical Power-Line Installers and Repairers,1610.0,1500.0,1437520,1480.0,1480.0,110.0,92150.0
Kansas,Technical,49-9081,Wind Turbine Service Technicians,330.0,490.0,1437520,570.0,820.0,90.0,73800.0
Kansas,Technical,51-1011,First-Line Supervisors of Production and Operating Workers,7980.0,8260.0,1437520,8410.0,8700.0,840.0,76420.0
Kansas,Technical,51-4041,Machinists,3870.0,4070.0,1437520,4120.0,4320.0,430.0,54780.0
Kansas,Technical,51-4111,Tool and Die Makers,660.0,750.0,1437520,750.0,660.0,60.0,75960.0
Kansas,Technical,51-4121,"Welders, Cutters, Solderers, and Brazers",6370.0,6310.0,1437520,6730.0,7100.0,700.0,52780.0
Kansas,Technical,51-4193,"Plating Machine Setters, Operators, and Tenders, Metal and Plastic",360.0,390.0,1437520,400.0,380.0,40.0,42480.0
Kansas,Technical,51-8013,Power Plant Operators,520.0,500.0,1437520,500.0,440.0,40.0,85850.0
Kansas,Technical,51-9023,"Mixing and Blending Machine Setters, Operators, and Tenders",1380.0,1510.0,1437520,1520.0,1430.0,140.0,53490.0
Kentucky,Digital,15-1211,Computer Systems Analysts,5930.0,4700.0,2000360,4860.0,5100.0,300.0,102610.0
Kentucky,Digital,15-1212,Information Security Analysts,1680.0,1790.0,2000360,1810.0,1910.0,110.0,108310.0
Kentucky,Digital,15-1241,Computer Network Architects,1710.0,1820.0,2000360,1820.0,1890.0,100.0,110120.0
Kentucky,Digital,15-1242,Database Administrators,650.0,770.0,2000360,830.0,870.0,50.0,92080.0
Kentucky,Digital,15-1243,Database Architects,350.0,510.0,2000360,510.0,530.0,30.0,124130.0
Kentucky,Digital,15-1244,Network and Computer Systems Administrators,2800.0,2760.0,2000360,2790.0,2940.0,150.0,96690.0
Kentucky,Digital,15-1251,Computer Programmers,950.0,1640.0,2000360,1730.0,1840.0,110.0,101200.0
Kentucky,Digital,15-1252,Software Developers,7660.0,7070.0,2000360,7160.0,7520.0,390.0,120730.0
Kentucky,Digital,15-1253,Software Quality Assurance Analysts and Testers,890.0,1140.0,2000360,1130.0,1180.0,70.0,84590.0
Kentucky,Digital,15-1254,Web Developers,270.0,370.0,2000360,390.0,400.0,20.0,87160.0
Kentucky,Digital,15-1255,Web and Digital Interface Designers,590.0,400.0,2000360,440.0,450.0,30.0,83370.0
Kentucky,Digital,15-2031,Operations Research Analysts,660.0,920.0,2000360,1040.0,1080.0,60.0,89930.0
Kentucky,Digital,15-2041,Statisticians,80.0,90.0,2000360,90.0,90.0,0.0,113540.0
Kentucky,Digital,15-2051,Data Scientists,1540.0,1700.0,2000360,1740.0,1820.0,100.0,100840.0
Kentucky,Technical,17-1011,"Architects, Except Landscape and Naval",630.0,640.0,2000360,700.0,750.0,50.0,97670.0
Kentucky,Technical,17-1021,Cartographers and Photogrammetrists,90.0,140.0,2000360,150.0,150.0,10.0,72800.0
Kentucky,Technical,17-1022,Surveyors,670.0,580.0,2000360,600.0,640.0,40.0,70020.0
Kentucky,Technical,17-2011,Aerospace Engineers,290.0,210.0,2000360,210.0,220.0,10.0,133200.0
Kentucky,Technical,17-2041,Chemical Engineers,190.0,230.0,2000360,240.0,240.0,10.0,122160.0
Kentucky,Technical,17-2051,Civil Engineers,2690.0,3040.0,2000360,3100.0,3250.0,200.0,105310.0
Kentucky,Technical,17-2061,Computer Hardware Engineers,500.0,,2000360,,,,109310.0
Kentucky,Technical,17-2071,Electrical Engineers,1540.0,1600.0,2000360,1600.0,1660.0,90.0,99530.0
Kentucky,Technical,17-2072,"Electronics Engineers, Except Computer",860.0,360.0,2000360,360.0,360.0,20.0,105520.0
Kentucky,Technical,17-2112,Industrial Engineers,6070.0,5710.0,2000360,5670.0,5930.0,360.0,99120.0
Kentucky,Technical,17-2131,Materials Engineers,280.0,340.0,2000360,330.0,360.0,20.0,106970.0
Kentucky,Technical,17-2141,Mechanical Engineers,4170.0,3050.0,2000360,3100.0,3230.0,170.0,103320.0
Kentucky,Technical,17-2199,"Engineers, All Other",500.0,560.0,2000360,560.0,570.0,30.0,103210.0
Kentucky,Technical,17-3011,Architectural and Civil Drafters,870.0,1220.0,2000360,1220.0,1290.0,110.0,62850.0
Kentucky,Technical,17-3012,Electrical and Electronics Drafters,80.0,180.0,2000360,190.0,200.0,20.0,74790.0
Kentucky,Technical,17-3013,Mechanical Drafters,510.0,510.0,2000360,550.0,570.0,50.0,70230.0
Kentucky,Technical,17-3023,Electrical and Electronic Engineering Technologists and Technicians,1060.0,1020.0,2000360,1000.0,1040.0,90.0,67980.0
Kentucky,Technical,17-3024,Electro-Mechanical and Mechatronics Technologists and Technicians,70.0,70.0,2000360,,,,72380.0
Kentucky,Technical,17-3027,Mechanical Engineering Technologists and Technicians,520.0,380.0,2000360,390.0,410.0,40.0,76300.0
Kentucky,Technical,17-3031,Surveying and Mapping Technicians,920.0,680.0,2000360,700.0,730.0,90.0,51390.0
Kentucky,Technical,49-1011,"First-Line Supervisors of Mechanics, Installers, and Repairers",10020.0,9780.0,2000360,9820.0,10150.0,840.0,81350.0
Kentucky,Technical,49-2094,"Electrical and Electronics Repairers, Commercial and Industrial Equipment",630.0,1020.0,2000360,1020.0,1100.0,90.0,65110.0
Kentucky,Technical,49-9021,"Heating, Air Conditioning, and Refrigeration Mechanics and Installers",5100.0,6230.0,2000360,6560.0,6820.0,580.0,58870.0
Kentucky,Technical,49-9041,Industrial Machinery Mechanics,11540.0,10420.0,2000360,10620.0,10990.0,920.0,66000.0
Kentucky,Technical,49-9044,Millwrights,1220.0,1460.0,2000360,1460.0,1530.0,140.0,68730.0
Kentucky,Technical,49-9051,Electrical Power-Line Installers and Repairers,2930.0,2640.0,2000360,2700.0,2800.0,220.0,75710.0
Kentucky,Technical,51-1011,First-Line Supervisors of Production and Operating Workers,13820.0,14820.0,2000360,14920.0,15410.0,1490.0,74710.0
Kentucky,Technical,51-4041,Machinists,6040.0,4150.0,2000360,4160.0,4270.0,430.0,59560.0
Kentucky,Technical,51-4111,Tool and Die Makers,1900.0,2100.0,2000360,2080.0,2180.0,230.0,67520.0
Kentucky,Technical,51-4121,"Welders, Cutters, Solderers, and Brazers",6630.0,7360.0,2000360,7820.0,8210.0,810.0,53710.0
Kentucky,Technical,51-4193,"Plating Machine Setters, Operators, and Tenders, Metal and Plastic",630.0,560.0,2000360,560.0,580.0,60.0,38630.0
Kentucky,Technical,51-8013,Power Plant Operators,690.0,550.0,2000360,530.0,550.0,50.0,93970.0
Kentucky,Technical,51-9023,"Mixing and Blending Machine Setters, Operators, and Tenders",1660.0,1980.0,2000360,1970.0,2060.0,200.0,48920.0
Louisiana,Digital,15-1211,Computer Systems Analysts,2980.0,2510.0,1934900,2560.0,2740.0,160.0,98000.0
Louisiana,Digital,15-1212,Information Security Analysts,720.0,580.0,1934900,580.0,740.0,50.0,100810.0
Louisiana,Digital,15-1221,Computer and Information Research Scientists,140.0,100.0,1934900,100.0,120.0,10.0,117930.0
Louisiana,Digital,15-1241,Computer Network Architects,470.0,530.0,1934900,530.0,580.0,30.0,114070.0
Louisiana,Digital,15-1242,Database Administrators,290.0,240.0,1934900,250.0,240.0,10.0,98120.0
Louisiana,Digital,15-1244,Network and Computer Systems Administrators,1790.0,1810.0,1934900,1820.0,1720.0,80.0,95160.0
Louisiana,Digital,15-1251,Computer Programmers,1580.0,1640.0,1934900,1740.0,1670.0,80.0,
Louisiana,Digital,15-1252,Software Developers,4080.0,3870.0,1934900,3950.0,4670.0,280.0,108270.0
Louisiana,Digital,15-1253,Software Quality Assurance Analysts and Testers,450.0,540.0,1934900,540.0,620.0,40.0,68800.0
Louisiana,Digital,15-1254,Web Developers,490.0,540.0,1934900,580.0,650.0,40.0,81640.0
Louisiana,Digital,15-1255,Web and Digital Interface Designers,170.0,180.0,1934900,190.0,200.0,10.0,71210.0
Louisiana,Digital,15-2031,Operations Research Analysts,550.0,730.0,1934900,720.0,840.0,60.0,72320.0
Louisiana,Digital,15-2041,Statisticians,70.0,60.0,1934900,60.0,70.0,0.0,80900.0
Louisiana,Digital,15-2051,Data Scientists,1300.0,1120.0,1934900,1120.0,1460.0,100.0,88480.0
Louisiana,Technical,17-1011,"Architects, Except Landscape and Naval",1200.0,1370.0,1934900,1540.0,1690.0,110.0,92460.0
Louisiana,Technical,17-1021,Cartographers and Photogrammetrists,,,1934900,20.0,20.0,0.0,70140.0
Louisiana,Technical,17-1022,Surveyors,1460.0,1360.0,1934900,1430.0,1560.0,110.0,72810.0
Louisiana,Technical,17-2011,Aerospace Engineers,90.0,90.0,1934900,90.0,100.0,10.0,143670.0
Louisiana,Technical,17-2041,Chemical Engineers,730.0,780.0,1934900,820.0,860.0,40.0,135190.0
Louisiana,Technical,17-2051,Civil Engineers,3780.0,3170.0,1934900,3320.0,3570.0,220.0,108250.0
Louisiana,Technical,17-2061,Computer Hardware Engineers,270.0,170.0,1934900,170.0,190.0,10.0,93200.0
Louisiana,Technical,17-2071,Electrical Engineers,990.0,850.0,1934900,860.0,950.0,60.0,124290.0
Louisiana,Technical,17-2072,"Electronics Engineers, Except Computer",450.0,510.0,1934900,510.0,540.0,30.0,113360.0
Louisiana,Technical,17-2112,Industrial Engineers,1710.0,2000.0,1934900,1990.0,2250.0,150.0,124660.0
Louisiana,Technical,17-2131,Materials Engineers,90.0,80.0,1934900,80.0,90.0,10.0,125450.0
Louisiana,Technical,17-2141,Mechanical Engineers,1890.0,1650.0,1934900,1670.0,1900.0,110.0,120520.0
Louisiana,Technical,17-2199,"Engineers, All Other",6310.0,7630.0,1934900,7970.0,8470.0,510.0,108750.0
Louisiana,Technical,17-3011,Architectural and Civil Drafters,1040.0,1180.0,1934900,1190.0,1310.0,120.0,68500.0
Louisiana,Technical,17-3012,Electrical and Electronics Drafters,150.0,270.0,1934900,300.0,300.0,20.0,71690.0
Louisiana,Technical,17-3013,Mechanical Drafters,420.0,370.0,1934900,400.0,400.0,40.0,86680.0
Louisiana,Technical,17-3023,Electrical and Electronic Engineering Technologists and Technicians,1000.0,1100.0,1934900,1100.0,1120.0,100.0,85250.0
Louisiana,Technical,17-3024,Electro-Mechanical and Mechatronics Technologists and Technicians,120.0,170.0,1934900,170.0,190.0,20.0,78740.0
Louisiana,Technical,17-3027,Mechanical Engineering Technologists and Technicians,270.0,410.0,1934900,410.0,440.0,40.0,119750.0
Louisiana,Technical,17-3031,Surveying and Mapping Technicians,930.0,610.0,1934900,640.0,700.0,90.0,59850.0
Louisiana,Technical,49-1011,"First-Line Supervisors of Mechanics, Installers, and Repairers",10490.0,9960.0,1934900,10000.0,10220.0,840.0,82180.0
Louisiana,Technical,49-2094,"Electrical and Electronics Repairers, Commercial and Industrial Equipment",950.0,650.0,1934900,670.0,670.0,50.0,67570.0
Louisiana,Technical,49-9021,"Heating, Air Conditioning, and Refrigeration Mechanics and Installers",5380.0,5040.0,1934900,5390.0,5800.0,500.0,56880.0
Louisiana,Technical,49-9041,Industrial Machinery Mechanics,7410.0,5900.0,1934900,6020.0,6900.0,610.0,62800.0
Louisiana,Technical,49-9044,Millwrights,1080.0,920.0,1934900,930.0,970.0,90.0,67450.0
Louisiana,Technical,49-9051,Electrical Power-Line Installers and Repairers,2520.0,1460.0,1934900,1480.0,1520.0,120.0,77570.0
Louisiana,Technical,51-1011,First-Line Supervisors of Production and Operating Workers,9350.0,9540.0,1934900,9680.0,10090.0,980.0,87340.0
Louisiana,Technical,51-4041,Machinists,4640.0,4980.0,1934900,4920.0,5120.0,510.0,62830.0
Louisiana,Technical,51-4111,Tool and Die Makers,170.0,,1934900,240.0,230.0,20.0,50380.0
Louisiana,Technical,51-4121,"Welders, Cutters, Solderers, and Brazers",13690.0,12360.0,1934900,13320.0,14160.0,1410.0,63750.0
Louisiana,Technical,51-4193,"Plating Machine Setters, Operators, and Tenders, Metal and Plastic",100.0,130.0,1934900,130.0,120.0,10.0,36400.0
Louisiana,Technical,51-8013,Power Plant Operators,370.0,570.0,1934900,560.0,470.0,40.0,97610.0
Louisiana,Technical,51-9023,"Mixing and Blending Machine Setters, Operators, and Tenders",570.0,760.0,1934900,760.0,740.0,70.0,56540.0
Maine,Digital,15-1211,Computer Systems Analysts,2480.0,2600.0,640610,2710.0,3090.0,200.0,99080.0
Maine,Digital,15-1212,Information Security Analysts,400.0,270.0,640610,280.0,340.0,20.0,109230.0
Maine,Digital,15-1241,Computer Network Architects,570.0,500.0,640610,510.0,520.0,30.0,115030.0
Maine,Digital,15-1242,Database Administrators,260.0,230.0,640610,240.0,240.0,10.0,79880.0
Maine,Digital,15-1243,Database Architects,190.0,250.0,640610,250.0,250.0,10.0,129700.0
Maine,Digital,15-1244,Network and Computer Systems Administrators,920.0,1270.0,640610,1310.0,1230.0,50.0,89940.0
Maine,Digital,15-1251,Computer Programmers,450.0,420.0,640610,460.0,440.0,20.0,117430.0
Maine,Digital,15-1252,Software Developers,2790.0,2740.0,640610,2810.0,3240.0,190.0,129040.0
Maine,Digital,15-1253,Software Quality Assurance Analysts and Testers,390.0,390.0,640610,400.0,420.0,30.0,85510.0
Maine,Digital,15-1254,Web Developers,170.0,,640610,,,,
Maine,Digital,15-1255,Web and Digital Interface Designers,380.0,230.0,640610,270.0,270.0,20.0,
Maine,Digital,15-2031,Operations Research Analysts,220.0,360.0,640610,370.0,410.0,30.0,102300.0
Maine,Digital,15-2041,Statisticians,80.0,60.0,640610,,,,92950.0
Maine,Digital,15-2051,Data Scientists,1210.0,1040.0,640610,1080.0,1420.0,100.0,97500.0
Maine,Technical,17-1011,"Architects, Except Landscape and Naval",500.0,500.0,640610,580.0,600.0,40.0,86550.0
Maine,Technical,17-1021,Cartographers and Photogrammetrists,40.0,60.0,640610,70.0,70.0,0.0,78360.0
Maine,Technical,17-1022,Surveyors,270.0,300.0,640610,330.0,340.0,20.0,90520.0
Maine,Technical,17-2051,Civil Engineers,1240.0,1410.0,640610,1470.0,1480.0,80.0,99310.0
Maine,Technical,17-2071,Electrical Engineers,1150.0,970.0,640610,990.0,1020.0,60.0,118510.0
Maine,Technical,17-2072,"Electronics Engineers, Except Computer",,,640610,,,,133060.0
Maine,Technical,17-2112,Industrial Engineers,1030.0,920.0,640610,920.0,930.0,50.0,112650.0
Maine,Technical,17-2131,Materials Engineers,100.0,110.0,640610,110.0,110.0,10.0,104980.0
Maine,Technical,17-2141,Mechanical Engineers,890.0,940.0,640610,940.0,1000.0,50.0,107220.0
Maine,Technical,17-2199,"Engineers, All Other",590.0,700.0,640610,670.0,680.0,40.0,118400.0
Maine,Technical,17-3011,Architectural and Civil Drafters,440.0,690.0,640610,710.0,720.0,60.0,68240.0
Maine,Technical,17-3012,Electrical and Electronics Drafters,110.0,80.0,640610,80.0,80.0,10.0,70930.0
Maine,Technical,17-3013,Mechanical Drafters,620.0,370.0,640610,410.0,370.0,30.0,68780.0
Maine,Technical,17-3023,Electrical and Electronic Engineering Technologists and Technicians,270.0,240.0,640610,230.0,220.0,20.0,87980.0
Maine,Technical,17-3024,Electro-Mechanical and Mechatronics Technologists and Technicians,,100.0,640610,110.0,100.0,10.0,77510.0
Maine,Technical,17-3027,Mechanical Engineering Technologists and Technicians,220.0,190.0,640610,190.0,190.0,20.0,72240.0
Maine,Technical,17-3031,Surveying and Mapping Technicians,220.0,360.0,640610,390.0,380.0,50.0,58860.0
Maine,Technical,49-1011,"First-Line Supervisors of Mechanics, Installers, and Repairers",2640.0,2750.0,640610,2820.0,2760.0,220.0,83880.0
Maine,Technical,49-2094,"Electrical and Electronics Repairers, Commercial and Industrial Equipment",410.0,450.0,640610,430.0,380.0,30.0,80250.0
Maine,Technical,49-9021,"Heating, Air Conditioning, and Refrigeration Mechanics and Installers",2250.0,2110.0,640610,2270.0,2300.0,190.0,65300.0
Maine,Technical,49-9041,Industrial Machinery Mechanics,1190.0,1420.0,640610,1460.0,1470.0,120.0,71380.0
Maine,Technical,49-9044,Millwrights,350.0,330.0,640610,330.0,290.0,20.0,68990.0
Maine,Technical,49-9051,Electrical Power-Line Installers and Repairers,1160.0,860.0,640610,910.0,890.0,60.0,86320.0
Maine,Technical,49-9081,Wind Turbine Service Technicians,50.0,30.0,640610,40.0,60.0,10.0,62890.0
Maine,Technical,51-1011,First-Line Supervisors of Production and Operating Workers,2970.0,2960.0,640610,3030.0,2850.0,260.0,78290.0
Maine,Technical,51-4041,Machinists,1780.0,1560.0,640610,1550.0,1570.0,160.0,60910.0
Maine,Technical,51-4111,Tool and Die Makers,80.0,70.0,640610,70.0,60.0,10.0,73240.0
Maine,Technical,51-4121,"Welders, Cutters, Solderers, and Brazers",1690.0,1950.0,640610,2110.0,2130.0,210.0,61930.0
Maine,Technical,51-4193,"Plating Machine Setters, Operators, and Tenders, Metal and Plastic",170.0,190.0,640610,200.0,190.0,20.0,47440.0
Maine,Technical,51-8013,Power Plant Operators,190.0,150.0,640610,150.0,120.0,10.0,83380.0
Maine,Technical,51-9023,"Mixing and Blending Machine Setters, Operators, and Tenders",220.0,250.0,640610,250.0,190.0,20.0,57860.0
Maine,Technical,51-9141,Semiconductor Processing Technicians,320.0,320.0,640610,320.0,220.0,20.0,49720.0
Maryland,Digital,15-1211,Computer Systems Analysts,15340.0,15090.0,2763030,17350.0,18840.0,1140.0,120980.0
Maryland,Digital,15-1212,Information Security Analysts,8650.0,8770.0,2763030,9810.0,12540.0,850.0,149940.0
Maryland,Digital,15-1221,Computer and Information Research Scientists,2870.0,2750.0,2763030,3180.0,3450.0,210.0,148630.0
Maryland,Digital,15-1241,Computer Network Architects,5860.0,5320.0,2763030,6470.0,7270.0,410.0,156070.0
Maryland,Digital,15-1242,Database Administrators,2300.0,2640.0,2763030,2630.0,2660.0,130.0,126510.0
Maryland,Digital,15-1243,Database Architects,1370.0,1420.0,2763030,1530.0,1650.0,90.0,141810.0
Maryland,Digital,15-1244,Network and Computer Systems Administrators,9230.0,8760.0,2763030,10370.0,10030.0,460.0,123570.0
Maryland,Digital,15-1251,Computer Programmers,2490.0,2360.0,2763030,2990.0,2740.0,130.0,117210.0
Maryland,Digital,15-1252,Software Developers,31350.0,31940.0,2763030,35040.0,40150.0,2330.0,151560.0
Maryland,Digital,15-1253,Software Quality Assurance Analysts and Testers,5880.0,6340.0,2763030,6570.0,7160.0,450.0,123410.0
Maryland,Digital,15-1254,Web Developers,1960.0,2150.0,2763030,2340.0,2500.0,150.0,108540.0
Maryland,Digital,15-1255,Web and Digital Interface Designers,1310.0,1350.0,2763030,1560.0,1660.0,110.0,103650.0
Maryland,Digital,15-2031,Operations Research Analysts,4710.0,4280.0,2763030,5150.0,6050.0,410.0,106620.0
Maryland,Digital,15-2041,Statisticians,2730.0,3070.0,2763030,3010.0,2860.0,140.0,133370.0
Maryland,Digital,15-2051,Data Scientists,3340.0,3400.0,2763030,3820.0,5000.0,350.0,144080.0
Maryland,Technical,17-1011,"Architects, Except Landscape and Naval",1800.0,1870.0,2763030,2370.0,2390.0,140.0,119770.0
Maryland,Technical,17-1021,Cartographers and Photogrammetrists,450.0,550.0,2763030,490.0,490.0,30.0,94640.0
Maryland,Technical,17-1022,Surveyors,950.0,1150.0,2763030,1140.0,1150.0,80.0,78670.0
Maryland,Technical,17-2011,Aerospace Engineers,3180.0,3490.0,2763030,3600.0,3750.0,220.0,159590.0
Maryland,Technical,17-2041,Chemical Engineers,500.0,560.0,2763030,560.0,530.0,20.0,128790.0
Maryland,Technical,17-2051,Civil Engineers,5240.0,5120.0,2763030,5870.0,6090.0,370.0,107320.0
Maryland,Technical,17-2061,Computer Hardware Engineers,1720.0,2420.0,2763030,1890.0,1960.0,110.0,149020.0
Maryland,Technical,17-2071,Electrical Engineers,4650.0,4380.0,2763030,4990.0,5350.0,300.0,129390.0
Maryland,Technical,17-2072,"Electronics Engineers, Except Computer",3390.0,3850.0,2763030,3640.0,3660.0,190.0,153500.0
Maryland,Technical,17-2112,Industrial Engineers,3900.0,3650.0,2763030,4080.0,4670.0,310.0,122990.0
Maryland,Technical,17-2131,Materials Engineers,740.0,960.0,2763030,840.0,870.0,50.0,140770.0
Maryland,Technical,17-2141,Mechanical Engineers,6550.0,6330.0,2763030,7140.0,7520.0,410.0,125850.0
Maryland,Technical,17-2199,"Engineers, All Other",7340.0,6670.0,2763030,8210.0,8150.0,450.0,129030.0
Maryland,Technical,17-3011,Architectural and Civil Drafters,910.0,1030.0,2763030,1020.0,1040.0,90.0,75990.0
Maryland,Technical,17-3012,Electrical and Electronics Drafters,380.0,450.0,2763030,460.0,430.0,40.0,78800.0
Maryland,Technical,17-3013,Mechanical Drafters,360.0,390.0,2763030,400.0,390.0,30.0,81200.0
Maryland,Technical,17-3023,Electrical and Electronic Engineering Technologists and Technicians,2170.0,2080.0,2763030,2280.0,2280.0,200.0,94540.0
Maryland,Technical,17-3024,Electro-Mechanical and Mechatronics Technologists and Technicians,90.0,210.0,2763030,90.0,100.0,10.0,90100.0
Maryland,Technical,17-3027,Mechanical Engineering Technologists and Technicians,640.0,800.0,2763030,720.0,740.0,60.0,83690.0
Maryland,Technical,17-3031,Surveying and Mapping Technicians,470.0,560.0,2763030,550.0,560.0,70.0,64020.0
Maryland,Technical,49-1011,"First-Line Supervisors of Mechanics, Installers, and Repairers",10120.0,9760.0,2763030,10670.0,11210.0,930.0,87350.0
Maryland,Technical,49-2094,"Electrical and Electronics Repairers, Commercial and Industrial Equipment",1160.0,670.0,2763030,1210.0,1230.0,100.0,76820.0
Maryland,Technical,49-9021,"Heating, Air Conditioning, and Refrigeration Mechanics and Installers",8560.0,6380.0,2763030,9130.0,9970.0,880.0,73820.0
Maryland,Technical,49-9041,Industrial Machinery Mechanics,2880.0,3070.0,2763030,3000.0,3520.0,320.0,71280.0
Maryland,Technical,49-9044,Millwrights,160.0,150.0,2763030,160.0,160.0,20.0,66090.0
Maryland,Technical,49-9051,Electrical Power-Line Installers and Repairers,1830.0,1660.0,2763030,1810.0,1960.0,160.0,97450.0
Maryland,Technical,51-1011,First-Line Supervisors of Production and Operating Workers,6100.0,6440.0,2763030,6230.0,6500.0,630.0,82370.0
Maryland,Technical,51-4041,Machinists,1380.0,1600.0,2763030,1420.0,1480.0,150.0,61420.0
Maryland,Technical,51-4111,Tool and Die Makers,70.0,,2763030,80.0,80.0,10.0,63950.0
Maryland,Technical,51-4121,"Welders, Cutters, Solderers, and Brazers",2850.0,3190.0,2763030,3110.0,3310.0,330.0,64410.0
Maryland,Technical,51-4193,"Plating Machine Setters, Operators, and Tenders, Metal and Plastic",60.0,90.0,2763030,60.0,60.0,0.0,48050.0
Maryland,Technical,51-8013,Power Plant Operators,330.0,310.0,2763030,320.0,280.0,20.0,107840.0
Maryland,Technical,51-9023,"Mixing and Blending Machine Setters, Operators, and Tenders",770.0,1230.0,2763030,770.0,740.0,70.0,54750.0
Maryland,Technical,51-9141,Semiconductor Processing Technicians,120.0,130.0,2763030,120.0,150.0,20.0,51720.0
Massachusetts,Digital,15-1211,Computer Systems Analysts,22160.0,16650.0,3637650,17070.0,17810.0,1030.0,128440.0
Massachusetts,Digital,15-1212,Information Security Analysts,6100.0,5780.0,3637650,5790.0,6970.0,450.0,151000.0
Massachusetts,Digital,15-1221,Computer and Information Research Scientists,1760.0,1800.0,3637650,1750.0,2020.0,130.0,170470.0
Massachusetts,Digital,15-1241,Computer Network Architects,6270.0,5340.0,3637650,5300.0,5700.0,300.0,151770.0
Massachusetts,Digital,15-1242,Database Administrators,2310.0,1940.0,3637650,1950.0,1880.0,90.0,126790.0
Massachusetts,Digital,15-1243,Database Architects,2690.0,1720.0,3637650,1730.0,1780.0,90.0,163290.0
Massachusetts,Digital,15-1244,Network and Computer Systems Administrators,8270.0,7440.0,3637650,7400.0,6940.0,300.0,118240.0
Massachusetts,Digital,15-1251,Computer Programmers,1930.0,3040.0,3637650,3460.0,3170.0,150.0,127520.0
Massachusetts,Digital,15-1252,Software Developers,48190.0,54260.0,3637650,54680.0,58890.0,3170.0,161730.0
Massachusetts,Digital,15-1253,Software Quality Assurance Analysts and Testers,6640.0,7650.0,3637650,7610.0,7880.0,470.0,117270.0
Massachusetts,Digital,15-1254,Web Developers,1940.0,2040.0,3637650,2140.0,2210.0,120.0,108520.0
Massachusetts,Digital,15-1255,Web and Digital Interface Designers,2740.0,2690.0,3637650,2960.0,3020.0,190.0,121470.0
Massachusetts,Digital,15-2031,Operations Research Analysts,4200.0,4860.0,3637650,4750.0,5540.0,380.0,104450.0
Massachusetts,Digital,15-2041,Statisticians,2480.0,1990.0,3637650,2000.0,2150.0,120.0,114210.0
Massachusetts,Digital,15-2051,Data Scientists,9420.0,9990.0,3637650,10150.0,12760.0,860.0,136460.0
Massachusetts,Technical,17-1011,"Architects, Except Landscape and Naval",4590.0,4790.0,3637650,5310.0,5230.0,300.0,119100.0
Massachusetts,Technical,17-1021,Cartographers and Photogrammetrists,160.0,120.0,3637650,120.0,130.0,10.0,101430.0
Massachusetts,Technical,17-1022,Surveyors,1290.0,1800.0,3637650,1880.0,1840.0,120.0,92110.0
Massachusetts,Technical,17-2011,Aerospace Engineers,990.0,990.0,3637650,980.0,1040.0,60.0,145810.0
Massachusetts,Technical,17-2041,Chemical Engineers,1460.0,1140.0,3637650,1140.0,1160.0,60.0,118170.0
Massachusetts,Technical,17-2051,Civil Engineers,9450.0,9460.0,3637650,9720.0,9910.0,580.0,117330.0
Massachusetts,Technical,17-2061,Computer Hardware Engineers,3150.0,3350.0,3637650,3330.0,3370.0,180.0,177030.0
Massachusetts,Technical,17-2071,Electrical Engineers,5040.0,4780.0,3637650,4770.0,4940.0,270.0,130190.0
Massachusetts,Technical,17-2072,"Electronics Engineers, Except Computer",5910.0,5580.0,3637650,5560.0,5560.0,290.0,151960.0
Massachusetts,Technical,17-2112,Industrial Engineers,11470.0,10650.0,3637650,10510.0,11380.0,720.0,117540.0
Massachusetts,Technical,17-2131,Materials Engineers,1360.0,1060.0,3637650,1050.0,1090.0,60.0,120350.0
Massachusetts,Technical,17-2141,Mechanical Engineers,7680.0,9430.0,3637650,9420.0,9920.0,540.0,121430.0
Massachusetts,Technical,17-2199,"Engineers, All Other",2850.0,2930.0,3637650,2670.0,2680.0,150.0,134140.0
Massachusetts,Technical,17-3011,Architectural and Civil Drafters,2660.0,2730.0,3637650,2730.0,2690.0,220.0,77110.0
Massachusetts,Technical,17-3012,Electrical and Electronics Drafters,470.0,590.0,3637650,630.0,600.0,50.0,85060.0
Massachusetts,Technical,17-3013,Mechanical Drafters,620.0,840.0,3637650,890.0,820.0,70.0,79060.0
Massachusetts,Technical,17-3023,Electrical and Electronic Engineering Technologists and Technicians,4030.0,3950.0,3637650,3910.0,3780.0,330.0,79000.0
Massachusetts,Technical,17-3024,Electro-Mechanical and Mechatronics Technologists and Technicians,920.0,1080.0,3637650,1080.0,1060.0,90.0,75050.0
Massachusetts,Technical,17-3027,Mechanical Engineering Technologists and Technicians,1310.0,720.0,3637650,730.0,700.0,60.0,71030.0
Massachusetts,Technical,17-3031,Surveying and Mapping Technicians,640.0,690.0,3637650,700.0,690.0,80.0,65060.0
Massachusetts,Technical,49-1011,"First-Line Supervisors of Mechanics, Installers, and Repairers",12140.0,12790.0,3637650,12660.0,13300.0,1110.0,92890.0
Massachusetts,Technical,49-2094,"Electrical and Electronics Repairers, Commercial and Industrial Equipment",920.0,780.0,3637650,760.0,750.0,60.0,79300.0
Massachusetts,Technical,49-9021,"Heating, Air Conditioning, and Refrigeration Mechanics and Installers",8200.0,7960.0,3637650,8220.0,9030.0,800.0,77760.0
Massachusetts,Technical,49-9041,Industrial Machinery Mechanics,6130.0,6290.0,3637650,6320.0,7390.0,670.0,72660.0
Massachusetts,Technical,49-9044,Millwrights,,,3637650,,,,67380.0
Massachusetts,Technical,49-9051,Electrical Power-Line Installers and Repairers,2350.0,2520.0,3637650,2520.0,2860.0,240.0,108040.0
Massachusetts,Technical,51-1011,First-Line Supervisors of Production and Operating Workers,12390.0,13630.0,3637650,13720.0,14210.0,1380.0,83140.0
Massachusetts,Technical,51-4041,Machinists,7080.0,7870.0,3637650,7710.0,7880.0,780.0,69390.0
Massachusetts,Technical,51-4111,Tool and Die Makers,850.0,950.0,3637650,940.0,870.0,80.0,68680.0
Massachusetts,Technical,51-4121,"Welders, Cutters, Solderers, and Brazers",2830.0,3080.0,3637650,3200.0,3340.0,330.0,65050.0
Massachusetts,Technical,51-4193,"Plating Machine Setters, Operators, and Tenders, Metal and Plastic",860.0,1020.0,3637650,1020.0,910.0,80.0,45930.0
Massachusetts,Technical,51-8013,Power Plant Operators,880.0,1060.0,3637650,1050.0,1010.0,100.0,99500.0
Massachusetts,Technical,51-9023,"Mixing and Blending Machine Setters, Operators, and Tenders",420.0,460.0,3637650,460.0,440.0,40.0,58930.0
Massachusetts,Technical,51-9141,Semiconductor Processing Technicians,1190.0,1330.0,3637650,1320.0,1340.0,140.0,53450.0
Michigan,Digital,15-1211,Computer Systems Analysts,14070.0,14990.0,4403730,15790.0,16440.0,940.0,107150.0
Michigan,Digital,15-1212,Information Security Analysts,3280.0,3120.0,4403730,3260.0,3970.0,260.0,111160.0
Michigan,Digital,15-1221,Computer and Information Research Scientists,530.0,300.0,4403730,330.0,380.0,20.0,106130.0
Michigan,Digital,15-1241,Computer Network Architects,3210.0,3040.0,4403730,3110.0,3280.0,170.0,118490.0
Michigan,Digital,15-1242,Database Administrators,1150.0,1190.0,4403730,1310.0,1260.0,60.0,101420.0
Michigan,Digital,15-1243,Database Architects,1390.0,1150.0,4403730,1180.0,1220.0,60.0,128220.0
Michigan,Digital,15-1244,Network and Computer Systems Administrators,6900.0,7380.0,4403730,7820.0,7320.0,320.0,95320.0
Michigan,Digital,15-1251,Computer Programmers,4400.0,5350.0,4403730,5840.0,5140.0,220.0,77870.0
Michigan,Digital,15-1252,Software Developers,43460.0,41490.0,4403730,42200.0,45470.0,2450.0,122720.0
Michigan,Digital,15-1253,Software Quality Assurance Analysts and Testers,3480.0,3500.0,4403730,3510.0,3500.0,200.0,96880.0
Michigan,Digital,15-1254,Web Developers,1580.0,2010.0,4403730,2260.0,2370.0,140.0,97040.0
Michigan,Digital,15-1255,Web and Digital Interface Designers,1750.0,1800.0,4403730,2210.0,2190.0,130.0,89020.0
Michigan,Digital,15-2031,Operations Research Analysts,980.0,1050.0,4403730,1080.0,1280.0,90.0,94890.0
Michigan,Digital,15-2041,Statisticians,570.0,590.0,4403730,660.0,720.0,40.0,117520.0
Michigan,Digital,15-2051,Data Scientists,7360.0,6450.0,4403730,6810.0,8740.0,600.0,105890.0
Michigan,Technical,17-1011,"Architects, Except Landscape and Naval",2630.0,2940.0,4403730,3310.0,3310.0,190.0,93870.0
Michigan,Technical,17-1021,Cartographers and Photogrammetrists,250.0,210.0,4403730,220.0,230.0,20.0,76240.0
Michigan,Technical,17-1022,Surveyors,1050.0,1410.0,4403730,1410.0,1410.0,90.0,72420.0
Michigan,Technical,17-2011,Aerospace Engineers,,390.0,4403730,370.0,380.0,20.0,125820.0
Michigan,Technical,17-2041,Chemical Engineers,670.0,780.0,4403730,800.0,800.0,40.0,105570.0
Michigan,Technical,17-2051,Civil Engineers,7760.0,7760.0,4403730,7960.0,8100.0,480.0,94870.0
Michigan,Technical,17-2061,Computer Hardware Engineers,1420.0,1440.0,4403730,1380.0,1420.0,80.0,127070.0
Michigan,Technical,17-2071,Electrical Engineers,10840.0,10840.0,4403730,10680.0,11050.0,600.0,112740.0
Michigan,Technical,17-2072,"Electronics Engineers, Except Computer",2960.0,3390.0,4403730,3300.0,3510.0,200.0,123090.0
Michigan,Technical,17-2112,Industrial Engineers,30990.0,31850.0,4403730,31230.0,33010.0,2030.0,105550.0
Michigan,Technical,17-2131,Materials Engineers,810.0,1030.0,4403730,990.0,990.0,50.0,98980.0
Michigan,Technical,17-2141,Mechanical Engineers,34630.0,31830.0,4403730,31070.0,33250.0,1840.0,112320.0
Michigan,Technical,17-2199,"Engineers, All Other",7700.0,6630.0,4403730,6460.0,6400.0,350.0,118500.0
Michigan,Technical,17-3011,Architectural and Civil Drafters,2100.0,2120.0,4403730,2120.0,2120.0,180.0,62210.0
Michigan,Technical,17-3012,Electrical and Electronics Drafters,380.0,480.0,4403730,540.0,490.0,40.0,75980.0
Michigan,Technical,17-3013,Mechanical Drafters,2030.0,1720.0,4403730,1830.0,1670.0,130.0,75920.0
Michigan,Technical,17-3023,Electrical and Electronic Engineering Technologists and Technicians,2350.0,2510.0,4403730,2510.0,2540.0,230.0,73230.0
Michigan,Technical,17-3024,Electro-Mechanical and Mechatronics Technologists and Technicians,850.0,620.0,4403730,610.0,560.0,40.0,68210.0
Michigan,Technical,17-3027,Mechanical Engineering Technologists and Technicians,4930.0,5470.0,4403730,5260.0,5200.0,430.0,71510.0
Michigan,Technical,17-3031,Surveying and Mapping Technicians,690.0,1080.0,4403730,1080.0,1080.0,130.0,57040.0
Michigan,Technical,49-1011,"First-Line Supervisors of Mechanics, Installers, and Repairers",15740.0,15970.0,4403730,16100.0,16380.0,1340.0,81320.0
Michigan,Technical,49-2094,"Electrical and Electronics Repairers, Commercial and Industrial Equipment",1460.0,1510.0,4403730,1520.0,1510.0,120.0,67340.0
Michigan,Technical,49-9021,"Heating, Air Conditioning, and Refrigeration Mechanics and Installers",12590.0,13720.0,4403730,14780.0,15750.0,1360.0,64490.0
Michigan,Technical,49-9041,Industrial Machinery Mechanics,17310.0,18850.0,4403730,19020.0,21500.0,1900.0,67240.0
Michigan,Technical,49-9044,Millwrights,2900.0,2510.0,4403730,2580.0,2490.0,210.0,82820.0
Michigan,Technical,49-9051,Electrical Power-Line Installers and Repairers,2800.0,3580.0,4403730,3550.0,3770.0,300.0,103680.0
Michigan,Technical,49-9081,Wind Turbine Service Technicians,70.0,100.0,4403730,140.0,170.0,20.0,67830.0
Michigan,Technical,51-1011,First-Line Supervisors of Production and Operating Workers,26650.0,28050.0,4403730,28250.0,27480.0,2570.0,73570.0
Michigan,Technical,51-4041,Machinists,20350.0,23090.0,4403730,22720.0,21400.0,2040.0,55240.0
Michigan,Technical,51-4111,Tool and Die Makers,9420.0,9190.0,4403730,8960.0,7300.0,660.0,68670.0
Michigan,Technical,51-4121,"Welders, Cutters, Solderers, and Brazers",13330.0,13640.0,4403730,14210.0,13860.0,1320.0,53820.0
Michigan,Technical,51-4193,"Plating Machine Setters, Operators, and Tenders, Metal and Plastic",3330.0,3460.0,4403730,3390.0,2770.0,240.0,40490.0
Michigan,Technical,51-8013,Power Plant Operators,1220.0,1200.0,4403730,1210.0,1050.0,90.0,105460.0
Michigan,Technical,51-9023,"Mixing and Blending Machine Setters, Operators, and Tenders",3040.0,3080.0,4403730,3230.0,2950.0,270.0,47280.0
Michigan,Technical,51-9141,Semiconductor Processing Technicians,270.0,480.0,4403730,460.0,550.0,60.0,
Minnesota,Digital,15-1211,Computer Systems Analysts,11330.0,10580.0,2949820,10690.0,11160.0,640.0,112330.0
Minnesota,Digital,15-1212,Information Security Analysts,2680.0,2550.0,2949820,2580.0,3150.0,200.0,130970.0
Minnesota,Digital,15-1221,Computer and Information Research Scientists,30.0,50.0,2949820,50.0,60.0,0.0,137690.0
Minnesota,Digital,15-1241,Computer Network Architects,2040.0,2010.0,2949820,2150.0,2290.0,120.0,133830.0
Minnesota,Digital,15-1242,Database Administrators,1020.0,970.0,2949820,1020.0,980.0,50.0,102430.0
Minnesota,Digital,15-1243,Database Architects,1240.0,910.0,2949820,940.0,970.0,50.0,134470.0
Minnesota,Digital,15-1244,Network and Computer Systems Administrators,4550.0,4420.0,2949820,4400.0,4070.0,170.0,106690.0
Minnesota,Digital,15-1251,Computer Programmers,2070.0,1960.0,2949820,2150.0,1960.0,90.0,100530.0
Minnesota,Digital,15-1252,Software Developers,35890.0,39580.0,2949820,39670.0,43180.0,2360.0,127530.0
Minnesota,Digital,15-1253,Software Quality Assurance Analysts and Testers,2630.0,2930.0,2949820,2920.0,3000.0,180.0,104720.0
Minnesota,Digital,15-1254,Web Developers,1200.0,1470.0,2949820,1560.0,1580.0,80.0,103500.0
Minnesota,Digital,15-1255,Web and Digital Interface Designers,1520.0,1510.0,2949820,1700.0,1720.0,110.0,87740.0
Minnesota,Digital,15-2031,Operations Research Analysts,1240.0,1300.0,2949820,1340.0,1590.0,110.0,99230.0
Minnesota,Digital,15-2041,Statisticians,780.0,1010.0,2949820,1020.0,1110.0,60.0,
Minnesota,Digital,15-2051,Data Scientists,4020.0,3500.0,2949820,3550.0,4600.0,320.0,126290.0
Minnesota,Technical,17-1011,"Architects, Except Landscape and Naval",2340.0,2430.0,2949820,2700.0,2830.0,170.0,102620.0
Minnesota,Technical,17-1021,Cartographers and Photogrammetrists,100.0,120.0,2949820,130.0,140.0,10.0,100100.0
Minnesota,Technical,17-1022,Surveyors,980.0,1850.0,2949820,1940.0,2050.0,140.0,86390.0
Minnesota,Technical,17-2011,Aerospace Engineers,140.0,140.0,2949820,140.0,160.0,10.0,145470.0
Minnesota,Technical,17-2041,Chemical Engineers,210.0,180.0,2949820,180.0,180.0,10.0,130240.0
Minnesota,Technical,17-2051,Civil Engineers,4710.0,4350.0,2949820,4520.0,4820.0,300.0,107500.0
Minnesota,Technical,17-2061,Computer Hardware Engineers,770.0,560.0,2949820,540.0,480.0,20.0,134690.0
Minnesota,Technical,17-2071,Electrical Engineers,3150.0,3430.0,2949820,3460.0,3650.0,200.0,118190.0
Minnesota,Technical,17-2072,"Electronics Engineers, Except Computer",1200.0,980.0,2949820,970.0,1060.0,60.0,123840.0
Minnesota,Technical,17-2112,Industrial Engineers,17580.0,18000.0,2949820,17730.0,19330.0,1230.0,110180.0
Minnesota,Technical,17-2131,Materials Engineers,150.0,180.0,2949820,170.0,180.0,10.0,122710.0
Minnesota,Technical,17-2141,Mechanical Engineers,5890.0,5970.0,2949820,5950.0,6410.0,360.0,106060.0
Minnesota,Technical,17-2199,"Engineers, All Other",1290.0,1380.0,2949820,1340.0,1360.0,80.0,125830.0
Minnesota,Technical,17-3011,Architectural and Civil Drafters,1930.0,2440.0,2949820,2380.0,2480.0,210.0,72220.0
Minnesota,Technical,17-3012,Electrical and Electronics Drafters,250.0,460.0,2949820,490.0,460.0,40.0,80300.0
Minnesota,Technical,17-3013,Mechanical Drafters,1220.0,1450.0,2949820,1500.0,1400.0,110.0,73850.0
Minnesota,Technical,17-3023,Electrical and Electronic Engineering Technologists and Technicians,1540.0,1200.0,2949820,1200.0,1180.0,100.0,79250.0
Minnesota,Technical,17-3024,Electro-Mechanical and Mechatronics Technologists and Technicians,400.0,320.0,2949820,320.0,310.0,20.0,65990.0
Minnesota,Technical,17-3027,Mechanical Engineering Technologists and Technicians,400.0,530.0,2949820,530.0,530.0,40.0,67350.0
Minnesota,Technical,17-3031,Surveying and Mapping Technicians,1060.0,910.0,2949820,1020.0,1080.0,130.0,72840.0
Minnesota,Technical,49-1011,"First-Line Supervisors of Mechanics, Installers, and Repairers",9110.0,9140.0,2949820,9380.0,9600.0,790.0,89820.0
Minnesota,Technical,49-2094,"Electrical and Electronics Repairers, Commercial and Industrial Equipment",1240.0,1190.0,2949820,1210.0,1210.0,100.0,79710.0
Minnesota,Technical,49-9021,"Heating, Air Conditioning, and Refrigeration Mechanics and Installers",4200.0,5190.0,2949820,5490.0,6100.0,540.0,73990.0
Minnesota,Technical,49-9041,Industrial Machinery Mechanics,6510.0,6650.0,2949820,6870.0,7830.0,690.0,72830.0
Minnesota,Technical,49-9044,Millwrights,480.0,470.0,2949820,460.0,480.0,40.0,76670.0
Minnesota,Technical,49-9051,Electrical Power-Line Installers and Repairers,2190.0,1670.0,2949820,1740.0,1870.0,150.0,101860.0
Minnesota,Technical,49-9081,Wind Turbine Service Technicians,450.0,570.0,2949820,660.0,1040.0,120.0,72170.0
Minnesota,Technical,51-1011,First-Line Supervisors of Production and Operating Workers,13380.0,13270.0,2949820,13520.0,13460.0,1280.0,80340.0
Minnesota,Technical,51-4041,Machinists,12500.0,14910.0,2949820,14870.0,14920.0,1470.0,62310.0
Minnesota,Technical,51-4111,Tool and Die Makers,1150.0,1060.0,2949820,1040.0,980.0,100.0,71660.0
Minnesota,Technical,51-4121,"Welders, Cutters, Solderers, and Brazers",9270.0,9420.0,2949820,10000.0,10080.0,980.0,60360.0
Minnesota,Technical,51-4193,"Plating Machine Setters, Operators, and Tenders, Metal and Plastic",560.0,720.0,2949820,710.0,630.0,60.0,48650.0
Minnesota,Technical,51-8013,Power Plant Operators,970.0,710.0,2949820,740.0,650.0,60.0,95700.0
Minnesota,Technical,51-9023,"Mixing and Blending Machine Setters, Operators, and Tenders",1760.0,1480.0,2949820,1500.0,1390.0,130.0,60270.0
Minnesota,Technical,51-9141,Semiconductor Processing Technicians,,340.0,2949820,340.0,330.0,30.0,55210.0
Mississippi,Digital,15-1211,Computer Systems Analysts,1990.0,2040.0,1163030,2140.0,2510.0,160.0,99250.0
Mississippi,Digital,15-1212,Information Security Analysts,480.0,560.0,1163030,580.0,980.0,80.0,92790.0
Mississippi,Digital,15-1221,Computer and Information Research Scientists,300.0,280.0,1163030,300.0,310.0,20.0,112880.0
Mississippi,Digital,15-1241,Computer Network Architects,,280.0,1163030,290.0,360.0,20.0,104060.0
Mississippi,Digital,15-1242,Database Administrators,200.0,230.0,1163030,240.0,260.0,10.0,87050.0
Mississippi,Digital,15-1243,Database Architects,100.0,110.0,1163030,110.0,120.0,10.0,98030.0
Mississippi,Digital,15-1244,Network and Computer Systems Administrators,1380.0,1520.0,1163030,1690.0,1740.0,90.0,88760.0
Mississippi,Digital,15-1251,Computer Programmers,1170.0,600.0,1163030,710.0,730.0,40.0,75920.0
Mississippi,Digital,15-1252,Software Developers,1880.0,3200.0,1163030,3300.0,4480.0,310.0,99840.0
Mississippi,Digital,15-1253,Software Quality Assurance Analysts and Testers,350.0,460.0,1163030,460.0,560.0,40.0,83730.0
Mississippi,Digital,15-1254,Web Developers,190.0,190.0,1163030,210.0,400.0,40.0,
Mississippi,Digital,15-1255,Web and Digital Interface Designers,230.0,150.0,1163030,190.0,210.0,20.0,62650.0
Mississippi,Digital,15-2031,Operations Research Analysts,120.0,130.0,1163030,130.0,170.0,10.0,92040.0
Mississippi,Digital,15-2041,Statisticians,80.0,70.0,1163030,80.0,90.0,0.0,68000.0
Mississippi,Digital,15-2051,Data Scientists,440.0,270.0,1163030,290.0,440.0,30.0,79290.0
Mississippi,Technical,17-1011,"Architects, Except Landscape and Naval",330.0,430.0,1163030,490.0,570.0,40.0,102820.0
Mississippi,Technical,17-1022,Surveyors,570.0,590.0,1163030,620.0,740.0,60.0,65510.0
Mississippi,Technical,17-2011,Aerospace Engineers,90.0,100.0,1163030,100.0,120.0,10.0,118560.0
Mississippi,Technical,17-2041,Chemical Engineers,150.0,150.0,1163030,160.0,170.0,10.0,113460.0
Mississippi,Technical,17-2051,Civil Engineers,1770.0,2050.0,1163030,2180.0,2420.0,160.0,104840.0
Mississippi,Technical,17-2061,Computer Hardware Engineers,150.0,180.0,1163030,180.0,210.0,10.0,93650.0
Mississippi,Technical,17-2071,Electrical Engineers,1130.0,1230.0,1163030,1250.0,1410.0,90.0,108700.0
Mississippi,Technical,17-2072,"Electronics Engineers, Except Computer",160.0,210.0,1163030,210.0,240.0,10.0,111650.0
Mississippi,Technical,17-2112,Industrial Engineers,2450.0,2260.0,1163030,2240.0,2700.0,190.0,96270.0
Mississippi,Technical,17-2131,Materials Engineers,100.0,110.0,1163030,100.0,130.0,10.0,94600.0
Mississippi,Technical,17-2141,Mechanical Engineers,1570.0,1210.0,1163030,1240.0,1440.0,90.0,100690.0
Mississippi,Technical,17-2199,"Engineers, All Other",480.0,560.0,1163030,590.0,580.0,30.0,108910.0
Mississippi,Technical,17-3011,Architectural and Civil Drafters,330.0,380.0,1163030,390.0,460.0,40.0,60660.0
Mississippi,Technical,17-3012,Electrical and Electronics Drafters,110.0,110.0,1163030,120.0,130.0,10.0,66140.0
Mississippi,Technical,17-3013,Mechanical Drafters,260.0,240.0,1163030,260.0,260.0,20.0,66140.0
Mississippi,Technical,17-3023,Electrical and Electronic Engineering Technologists and Technicians,650.0,670.0,1163030,680.0,700.0,60.0,81110.0
Mississippi,Technical,17-3024,Electro-Mechanical and Mechatronics Technologists and Technicians,70.0,60.0,1163030,,,,70200.0
Mississippi,Technical,17-3027,Mechanical Engineering Technologists and Technicians,220.0,230.0,1163030,230.0,260.0,20.0,70330.0
Mississippi,Technical,17-3031,Surveying and Mapping Technicians,550.0,620.0,1163030,660.0,760.0,100.0,51570.0
Mississippi,Technical,49-1011,"First-Line Supervisors of Mechanics, Installers, and Repairers",6930.0,6820.0,1163030,6980.0,7360.0,620.0,73420.0
Mississippi,Technical,49-2094,"Electrical and Electronics Repairers, Commercial and Industrial Equipment",500.0,490.0,1163030,490.0,480.0,40.0,70270.0
Mississippi,Technical,49-9021,"Heating, Air Conditioning, and Refrigeration Mechanics and Installers",2700.0,2960.0,1163030,3170.0,3600.0,320.0,53020.0
Mississippi,Technical,49-9041,Industrial Machinery Mechanics,4460.0,5010.0,1163030,5130.0,6100.0,560.0,61510.0
Mississippi,Technical,49-9044,Millwrights,1280.0,980.0,1163030,980.0,1010.0,90.0,55630.0
Mississippi,Technical,49-9051,Electrical Power-Line Installers and Repairers,2290.0,1790.0,1163030,1850.0,2050.0,170.0,71580.0
Mississippi,Technical,49-9081,Wind Turbine Service Technicians,30.0,,1163030,,,,54140.0
Mississippi,Technical,51-1011,First-Line Supervisors of Production and Operating Workers,8230.0,9580.0,1163030,9650.0,10300.0,1010.0,73980.0
Mississippi,Technical,51-4041,Machinists,1920.0,2110.0,1163030,2090.0,2260.0,230.0,55600.0
Mississippi,Technical,51-4111,Tool and Die Makers,300.0,390.0,1163030,390.0,380.0,40.0,57860.0
Mississippi,Technical,51-4121,"Welders, Cutters, Solderers, and Brazers",6460.0,6570.0,1163030,6950.0,7620.0,770.0,52930.0
Mississippi,Technical,51-4193,"Plating Machine Setters, Operators, and Tenders, Metal and Plastic",60.0,100.0,1163030,,,,50690.0
Mississippi,Technical,51-8013,Power Plant Operators,450.0,450.0,1163030,460.0,400.0,40.0,96620.0
Mississippi,Technical,51-9023,"Mixing and Blending Machine Setters, Operators, and Tenders",1070.0,1030.0,1163030,1030.0,980.0,90.0,50050.0
Missouri,Digital,15-1211,Computer Systems Analysts,7730.0,7140.0,2936050,9700.0,10740.0,660.0,97230.0
Missouri,Digital,15-1212,Information Security Analysts,3260.0,2560.0,2936050,4250.0,5410.0,360.0,107610.0
Missouri,Digital,15-1221,Computer and Information Research Scientists,230.0,380.0,2936050,360.0,440.0,30.0,134230.0
Missouri,Digital,15-1241,Computer Network Architects,3360.0,2650.0,2936050,4170.0,4740.0,270.0,111160.0
Missouri,Digital,15-1242,Database Administrators,1140.0,1400.0,2936050,1440.0,1420.0,70.0,101960.0
Missouri,Digital,15-1243,Database Architects,1410.0,1840.0,2936050,1770.0,1910.0,100.0,113570.0
Missouri,Digital,15-1244,Network and Computer Systems Administrators,5810.0,5240.0,2936050,5510.0,5310.0,240.0,88280.0
Missouri,Digital,15-1251,Computer Programmers,1520.0,1410.0,2936050,2210.0,2100.0,100.0,91390.0
Missouri,Digital,15-1252,Software Developers,20020.0,17060.0,2936050,22050.0,24880.0,1420.0,123810.0
Missouri,Digital,15-1253,Software Quality Assurance Analysts and Testers,2930.0,2400.0,2936050,4050.0,4450.0,280.0,93990.0
Missouri,Digital,15-1254,Web Developers,1160.0,1580.0,2936050,1370.0,1460.0,80.0,109420.0
Missouri,Digital,15-1255,Web and Digital Interface Designers,1210.0,1360.0,2936050,1370.0,1440.0,90.0,77340.0
Missouri,Digital,15-2031,Operations Research Analysts,1190.0,2010.0,2936050,2430.0,2960.0,210.0,74620.0
Missouri,Digital,15-2041,Statisticians,680.0,550.0,2936050,730.0,780.0,40.0,76100.0
Missouri,Digital,15-2051,Data Scientists,4730.0,4350.0,2936050,6100.0,8160.0,580.0,100880.0
Missouri,Technical,17-1011,"Architects, Except Landscape and Naval",2150.0,2130.0,2936050,2720.0,2850.0,170.0,102460.0
Missouri,Technical,17-1021,Cartographers and Photogrammetrists,170.0,220.0,2936050,210.0,220.0,10.0,81990.0
Missouri,Technical,17-1022,Surveyors,830.0,1150.0,2936050,990.0,1040.0,70.0,67640.0
Missouri,Technical,17-2011,Aerospace Engineers,650.0,840.0,2936050,80.0,80.0,0.0,139820.0
Missouri,Technical,17-2041,Chemical Engineers,320.0,450.0,2936050,400.0,410.0,20.0,119110.0
Missouri,Technical,17-2051,Civil Engineers,5760.0,5280.0,2936050,6420.0,6780.0,420.0,98970.0
Missouri,Technical,17-2061,Computer Hardware Engineers,900.0,580.0,2936050,610.0,690.0,40.0,111220.0
Missouri,Technical,17-2071,Electrical Engineers,2410.0,2920.0,2936050,2190.0,2350.0,140.0,122690.0
Missouri,Technical,17-2072,"Electronics Engineers, Except Computer",740.0,720.0,2936050,950.0,1140.0,70.0,126790.0
Missouri,Technical,17-2112,Industrial Engineers,5070.0,5340.0,2936050,5450.0,6180.0,410.0,102540.0
Missouri,Technical,17-2131,Materials Engineers,300.0,270.0,2936050,360.0,380.0,20.0,102030.0
Missouri,Technical,17-2141,Mechanical Engineers,4870.0,3950.0,2936050,5250.0,5790.0,330.0,101340.0
Missouri,Technical,17-2199,"Engineers, All Other",1850.0,1280.0,2936050,1320.0,1380.0,80.0,108820.0
Missouri,Technical,17-3011,Architectural and Civil Drafters,2270.0,2420.0,2936050,2300.0,2410.0,210.0,66460.0
Missouri,Technical,17-3012,Electrical and Electronics Drafters,420.0,330.0,2936050,500.0,480.0,40.0,81100.0
Missouri,Technical,17-3013,Mechanical Drafters,870.0,820.0,2936050,950.0,900.0,80.0,73680.0
Missouri,Technical,17-3023,Electrical and Electronic Engineering Technologists and Technicians,1390.0,1160.0,2936050,1260.0,1260.0,110.0,74370.0
Missouri,Technical,17-3024,Electro-Mechanical and Mechatronics Technologists and Technicians,230.0,,2936050,260.0,260.0,20.0,69360.0
Missouri,Technical,17-3027,Mechanical Engineering Technologists and Technicians,800.0,740.0,2936050,890.0,880.0,70.0,91740.0
Missouri,Technical,17-3031,Surveying and Mapping Technicians,720.0,700.0,2936050,760.0,800.0,100.0,55080.0
Missouri,Technical,49-1011,"First-Line Supervisors of Mechanics, Installers, and Repairers",11220.0,10170.0,2936050,11030.0,11420.0,940.0,82230.0
Missouri,Technical,49-2094,"Electrical and Electronics Repairers, Commercial and Industrial Equipment",590.0,770.0,2936050,540.0,510.0,40.0,64550.0
Missouri,Technical,49-9021,"Heating, Air Conditioning, and Refrigeration Mechanics and Installers",7220.0,8360.0,2936050,6510.0,6840.0,580.0,62410.0
Missouri,Technical,49-9041,Industrial Machinery Mechanics,5420.0,4450.0,2936050,5120.0,6190.0,570.0,70000.0
Missouri,Technical,49-9044,Millwrights,830.0,720.0,2936050,580.0,610.0,60.0,71140.0
Missouri,Technical,49-9051,Electrical Power-Line Installers and Repairers,3440.0,3590.0,2936050,3650.0,3880.0,300.0,89580.0
Missouri,Technical,49-9081,Wind Turbine Service Technicians,80.0,110.0,2936050,110.0,180.0,20.0,68420.0
Missouri,Technical,51-1011,First-Line Supervisors of Production and Operating Workers,15430.0,15550.0,2936050,15760.0,16300.0,1580.0,73400.0
Missouri,Technical,51-4041,Machinists,8380.0,8200.0,2936050,10800.0,11170.0,1120.0,61340.0
Missouri,Technical,51-4111,Tool and Die Makers,1280.0,1680.0,2936050,1480.0,1390.0,140.0,66460.0
Missouri,Technical,51-4121,"Welders, Cutters, Solderers, and Brazers",10600.0,10270.0,2936050,11650.0,12160.0,1200.0,55470.0
Missouri,Technical,51-4193,"Plating Machine Setters, Operators, and Tenders, Metal and Plastic",150.0,180.0,2936050,170.0,150.0,20.0,43010.0
Missouri,Technical,51-8013,Power Plant Operators,,760.0,2936050,,,,93560.0
Missouri,Technical,51-9023,"Mixing and Blending Machine Setters, Operators, and Tenders",2800.0,2460.0,2936050,3070.0,2970.0,280.0,53100.0
Montana,Digital,15-1211,Computer Systems Analysts,850.0,860.0,511580,850.0,920.0,60.0,96720.0
Montana,Digital,15-1212,Information Security Analysts,380.0,,511580,,,,97940.0
Montana,Digital,15-1241,Computer Network Architects,250.0,410.0,511580,410.0,460.0,20.0,111320.0
Montana,Digital,15-1242,Database Administrators,300.0,240.0,511580,230.0,230.0,10.0,87100.0
Montana,Digital,15-1243,Database Architects,,50.0,511580,50.0,50.0,0.0,113610.0
Montana,Digital,15-1244,Network and Computer Systems Administrators,850.0,870.0,511580,860.0,810.0,40.0,83130.0
Montana,Digital,15-1251,Computer Programmers,,450.0,511580,450.0,400.0,20.0,91670.0
Montana,Digital,15-1252,Software Developers,2160.0,2070.0,511580,2080.0,2340.0,130.0,133550.0
Montana,Digital,15-1253,Software Quality Assurance Analysts and Testers,150.0,260.0,511580,250.0,270.0,20.0,109480.0
Montana,Digital,15-1254,Web Developers,550.0,160.0,511580,260.0,260.0,20.0,65850.0
Montana,Digital,15-1255,Web and Digital Interface Designers,100.0,140.0,511580,160.0,170.0,10.0,95850.0
Montana,Digital,15-2031,Operations Research Analysts,150.0,160.0,511580,140.0,170.0,10.0,78530.0
Montana,Digital,15-2051,Data Scientists,220.0,200.0,511580,200.0,270.0,20.0,108170.0
Montana,Technical,17-1011,"Architects, Except Landscape and Naval",550.0,600.0,511580,690.0,760.0,50.0,99110.0
Montana,Technical,17-1021,Cartographers and Photogrammetrists,160.0,,511580,,,,70460.0
Montana,Technical,17-1022,Surveyors,350.0,360.0,511580,420.0,460.0,30.0,87770.0
Montana,Technical,17-2041,Chemical Engineers,80.0,70.0,511580,70.0,80.0,0.0,126310.0
Montana,Technical,17-2051,Civil Engineers,1870.0,1880.0,511580,2030.0,2210.0,140.0,92650.0
Montana,Technical,17-2071,Electrical Engineers,790.0,650.0,511580,650.0,720.0,40.0,98930.0
Montana,Technical,17-2072,"Electronics Engineers, Except Computer",140.0,150.0,511580,160.0,200.0,10.0,104690.0
Montana,Technical,17-2112,Industrial Engineers,390.0,310.0,511580,320.0,380.0,30.0,117740.0
Montana,Technical,17-2131,Materials Engineers,90.0,180.0,511580,200.0,220.0,10.0,79600.0
Montana,Technical,17-2141,Mechanical Engineers,500.0,580.0,511580,680.0,770.0,50.0,98660.0
Montana,Technical,17-2199,"Engineers, All Other",240.0,280.0,511580,260.0,260.0,20.0,99730.0
Montana,Technical,17-3011,Architectural and Civil Drafters,600.0,540.0,511580,610.0,660.0,60.0,67500.0
Montana,Technical,17-3023,Electrical and Electronic Engineering Technologists and Technicians,140.0,140.0,511580,120.0,130.0,10.0,81470.0
Montana,Technical,17-3024,Electro-Mechanical and Mechatronics Technologists and Technicians,70.0,120.0,511580,120.0,130.0,10.0,73120.0
Montana,Technical,17-3031,Surveying and Mapping Technicians,430.0,510.0,511580,540.0,590.0,70.0,59690.0
Montana,Technical,49-1011,"First-Line Supervisors of Mechanics, Installers, and Repairers",2690.0,2670.0,511580,2720.0,2870.0,240.0,84430.0
Montana,Technical,49-2094,"Electrical and Electronics Repairers, Commercial and Industrial Equipment",120.0,120.0,511580,110.0,110.0,10.0,79760.0
Montana,Technical,49-9021,"Heating, Air Conditioning, and Refrigeration Mechanics and Installers",1230.0,1050.0,511580,1310.0,1520.0,140.0,62260.0
Montana,Technical,49-9041,Industrial Machinery Mechanics,820.0,890.0,511580,910.0,1030.0,90.0,72910.0
Montana,Technical,49-9044,Millwrights,70.0,80.0,511580,190.0,180.0,20.0,59740.0
Montana,Technical,49-9051,Electrical Power-Line Installers and Repairers,680.0,650.0,511580,640.0,720.0,60.0,103000.0
Montana,Technical,49-9081,Wind Turbine Service Technicians,40.0,,511580,,,,71810.0
Montana,Technical,51-1011,First-Line Supervisors of Production and Operating Workers,1860.0,2010.0,511580,2030.0,2120.0,210.0,73880.0
Montana,Technical,51-4041,Machinists,630.0,680.0,511580,700.0,760.0,80.0,61530.0
Montana,Technical,51-4121,"Welders, Cutters, Solderers, and Brazers",1530.0,1340.0,511580,1470.0,1680.0,170.0,58680.0
Montana,Technical,51-8013,Power Plant Operators,130.0,130.0,511580,140.0,130.0,10.0,99440.0
Montana,Technical,51-9023,"Mixing and Blending Machine Setters, Operators, and Tenders",280.0,180.0,511580,180.0,180.0,20.0,43130.0
Nebraska,Digital,15-1211,Computer Systems Analysts,2440.0,2250.0,1024370,2440.0,2640.0,160.0,96880.0
Nebraska,Digital,15-1212,Information Security Analysts,1210.0,1120.0,1024370,1160.0,1440.0,100.0,102210.0
Nebraska,Digital,15-1241,Computer Network Architects,1350.0,1410.0,1024370,1490.0,1670.0,90.0,118960.0
Nebraska,Digital,15-1242,Database Administrators,610.0,540.0,1024370,620.0,620.0,30.0,103060.0
Nebraska,Digital,15-1243,Database Architects,610.0,590.0,1024370,660.0,700.0,40.0,135170.0
Nebraska,Digital,15-1244,Network and Computer Systems Administrators,1560.0,1460.0,1024370,1520.0,1510.0,70.0,91640.0
Nebraska,Digital,15-1251,Computer Programmers,1090.0,1390.0,1024370,1540.0,1450.0,70.0,99020.0
Nebraska,Digital,15-1252,Software Developers,7260.0,8940.0,1024370,9570.0,10860.0,620.0,115590.0
Nebraska,Digital,15-1253,Software Quality Assurance Analysts and Testers,1240.0,1680.0,1024370,1740.0,1870.0,120.0,98160.0
Nebraska,Digital,15-1254,Web Developers,230.0,320.0,1024370,350.0,370.0,20.0,82350.0
Nebraska,Digital,15-1255,Web and Digital Interface Designers,720.0,830.0,1024370,970.0,1030.0,70.0,71360.0
Nebraska,Digital,15-2031,Operations Research Analysts,330.0,290.0,1024370,310.0,370.0,30.0,101330.0
Nebraska,Digital,15-2041,Statisticians,140.0,170.0,1024370,200.0,210.0,10.0,84790.0
Nebraska,Digital,15-2051,Data Scientists,1980.0,1850.0,1024370,2110.0,2710.0,190.0,98980.0
Nebraska,Technical,17-1011,"Architects, Except Landscape and Naval",620.0,780.0,1024370,870.0,910.0,60.0,96580.0
Nebraska,Technical,17-1021,Cartographers and Photogrammetrists,50.0,60.0,1024370,60.0,60.0,0.0,81440.0
Nebraska,Technical,17-1022,Surveyors,430.0,260.0,1024370,260.0,270.0,20.0,71950.0
Nebraska,Technical,17-2011,Aerospace Engineers,130.0,,1024370,190.0,210.0,10.0,145420.0
Nebraska,Technical,17-2041,Chemical Engineers,130.0,210.0,1024370,230.0,240.0,10.0,107760.0
Nebraska,Technical,17-2051,Civil Engineers,2360.0,2010.0,1024370,2020.0,2140.0,130.0,106860.0
Nebraska,Technical,17-2061,Computer Hardware Engineers,80.0,90.0,1024370,90.0,100.0,10.0,137560.0
Nebraska,Technical,17-2071,Electrical Engineers,1060.0,1080.0,1024370,1100.0,1190.0,70.0,107140.0
Nebraska,Technical,17-2072,"Electronics Engineers, Except Computer",250.0,220.0,1024370,230.0,250.0,10.0,102170.0
Nebraska,Technical,17-2112,Industrial Engineers,1160.0,1330.0,1024370,1330.0,1520.0,100.0,99980.0
Nebraska,Technical,17-2131,Materials Engineers,160.0,140.0,1024370,130.0,140.0,10.0,100320.0
Nebraska,Technical,17-2141,Mechanical Engineers,950.0,860.0,1024370,910.0,1020.0,60.0,96820.0
Nebraska,Technical,17-2199,"Engineers, All Other",300.0,330.0,1024370,370.0,390.0,20.0,90860.0
Nebraska,Technical,17-3011,Architectural and Civil Drafters,850.0,770.0,1024370,770.0,820.0,70.0,65950.0
Nebraska,Technical,17-3012,Electrical and Electronics Drafters,190.0,200.0,1024370,210.0,200.0,20.0,64780.0
Nebraska,Technical,17-3013,Mechanical Drafters,530.0,560.0,1024370,600.0,580.0,50.0,64230.0
Nebraska,Technical,17-3023,Electrical and Electronic Engineering Technologists and Technicians,710.0,580.0,1024370,590.0,610.0,60.0,69380.0
Nebraska,Technical,17-3024,Electro-Mechanical and Mechatronics Technologists and Technicians,130.0,90.0,1024370,90.0,100.0,10.0,70810.0
Nebraska,Technical,17-3027,Mechanical Engineering Technologists and Technicians,250.0,320.0,1024370,320.0,330.0,30.0,78670.0
Nebraska,Technical,17-3031,Surveying and Mapping Technicians,770.0,810.0,1024370,860.0,900.0,110.0,51480.0
Nebraska,Technical,49-1011,"First-Line Supervisors of Mechanics, Installers, and Repairers",4610.0,4440.0,1024370,4640.0,4860.0,400.0,80800.0
Nebraska,Technical,49-2094,"Electrical and Electronics Repairers, Commercial and Industrial Equipment",410.0,380.0,1024370,370.0,380.0,30.0,66470.0
Nebraska,Technical,49-9021,"Heating, Air Conditioning, and Refrigeration Mechanics and Installers",3020.0,3080.0,1024370,3260.0,3720.0,330.0,61050.0
Nebraska,Technical,49-9041,Industrial Machinery Mechanics,2880.0,2730.0,1024370,3080.0,3600.0,320.0,66000.0
Nebraska,Technical,49-9044,Millwrights,590.0,360.0,1024370,360.0,360.0,30.0,60080.0
Nebraska,Technical,49-9051,Electrical Power-Line Installers and Repairers,1490.0,1260.0,1024370,1550.0,1620.0,130.0,87800.0
Nebraska,Technical,51-1011,First-Line Supervisors of Production and Operating Workers,6040.0,6060.0,1024370,6360.0,6550.0,630.0,73780.0
Nebraska,Technical,51-4041,Machinists,1810.0,2210.0,1024370,2200.0,2290.0,230.0,59090.0
Nebraska,Technical,51-4111,Tool and Die Makers,360.0,440.0,1024370,440.0,420.0,40.0,68930.0
Nebraska,Technical,51-4121,"Welders, Cutters, Solderers, and Brazers",4200.0,3990.0,1024370,4440.0,4760.0,480.0,55290.0
Nebraska,Technical,51-4193,"Plating Machine Setters, Operators, and Tenders, Metal and Plastic",400.0,360.0,1024370,360.0,340.0,30.0,48870.0
Nebraska,Technical,51-8013,Power Plant Operators,360.0,240.0,1024370,270.0,250.0,20.0,97900.0
Nebraska,Technical,51-9023,"Mixing and Blending Machine Setters, Operators, and Tenders",940.0,930.0,1024370,950.0,880.0,80.0,50360.0
Nevada,Digital,15-1211,Computer Systems Analysts,2540.0,2500.0,1551540,2510.0,2900.0,190.0,103080.0
Nevada,Digital,15-1212,Information Security Analysts,1330.0,1570.0,1551540,1620.0,2030.0,130.0,119190.0
Nevada,Digital,15-1221,Computer and Information Research Scientists,80.0,70.0,1551540,80.0,100.0,10.0,142800.0
Nevada,Digital,15-1241,Computer Network Architects,1010.0,910.0,1551540,920.0,1130.0,70.0,132760.0
Nevada,Digital,15-1242,Database Administrators,380.0,470.0,1551540,470.0,450.0,20.0,109940.0
Nevada,Digital,15-1243,Database Architects,420.0,320.0,1551540,330.0,360.0,20.0,143000.0
Nevada,Digital,15-1244,Network and Computer Systems Administrators,1980.0,1690.0,1551540,1650.0,1670.0,80.0,106700.0
Nevada,Digital,15-1251,Computer Programmers,840.0,420.0,1551540,390.0,390.0,20.0,102130.0
Nevada,Digital,15-1252,Software Developers,4520.0,4640.0,1551540,4920.0,5640.0,330.0,137350.0
Nevada,Digital,15-1253,Software Quality Assurance Analysts and Testers,1270.0,680.0,1551540,700.0,840.0,60.0,
Nevada,Digital,15-1254,Web Developers,340.0,210.0,1551540,260.0,300.0,20.0,91430.0
Nevada,Digital,15-1255,Web and Digital Interface Designers,1180.0,750.0,1551540,810.0,920.0,60.0,92530.0
Nevada,Digital,15-2031,Operations Research Analysts,370.0,350.0,1551540,370.0,450.0,30.0,97130.0
Nevada,Digital,15-2041,Statisticians,50.0,60.0,1551540,,,,91920.0
Nevada,Digital,15-2051,Data Scientists,1680.0,1230.0,1551540,1310.0,1810.0,130.0,108340.0
Nevada,Technical,17-1011,"Architects, Except Landscape and Naval",530.0,500.0,1551540,600.0,650.0,40.0,110250.0
Nevada,Technical,17-1021,Cartographers and Photogrammetrists,180.0,220.0,1551540,180.0,190.0,10.0,92380.0
Nevada,Technical,17-1022,Surveyors,490.0,570.0,1551540,600.0,640.0,40.0,92420.0
Nevada,Technical,17-2011,Aerospace Engineers,270.0,330.0,1551540,340.0,380.0,20.0,118420.0
Nevada,Technical,17-2041,Chemical Engineers,110.0,50.0,1551540,50.0,60.0,0.0,
Nevada,Technical,17-2051,Civil Engineers,3560.0,3490.0,1551540,3420.0,3730.0,240.0,114970.0
Nevada,Technical,17-2061,Computer Hardware Engineers,160.0,120.0,1551540,130.0,150.0,10.0,117110.0
Nevada,Technical,17-2071,Electrical Engineers,1100.0,740.0,1551540,750.0,840.0,50.0,115770.0
Nevada,Technical,17-2072,"Electronics Engineers, Except Computer",360.0,500.0,1551540,500.0,600.0,40.0,115540.0
Nevada,Technical,17-2112,Industrial Engineers,1570.0,1210.0,1551540,1220.0,1500.0,110.0,100500.0
Nevada,Technical,17-2131,Materials Engineers,100.0,110.0,1551540,110.0,140.0,10.0,107480.0
Nevada,Technical,17-2141,Mechanical Engineers,1410.0,1090.0,1551540,1120.0,1370.0,90.0,110180.0
Nevada,Technical,17-2199,"Engineers, All Other",870.0,770.0,1551540,800.0,900.0,60.0,111070.0
Nevada,Technical,17-3011,Architectural and Civil Drafters,1100.0,1310.0,1551540,1370.0,1490.0,130.0,72990.0
Nevada,Technical,17-3012,Electrical and Electronics Drafters,250.0,210.0,1551540,220.0,220.0,20.0,76890.0
Nevada,Technical,17-3013,Mechanical Drafters,250.0,240.0,1551540,260.0,260.0,20.0,78230.0
Nevada,Technical,17-3023,Electrical and Electronic Engineering Technologists and Technicians,1140.0,1070.0,1551540,1080.0,1220.0,120.0,91290.0
Nevada,Technical,17-3024,Electro-Mechanical and Mechatronics Technologists and Technicians,220.0,370.0,1551540,370.0,400.0,40.0,80230.0
Nevada,Technical,17-3027,Mechanical Engineering Technologists and Technicians,420.0,540.0,1551540,550.0,630.0,60.0,76890.0
Nevada,Technical,17-3031,Surveying and Mapping Technicians,680.0,350.0,1551540,340.0,360.0,40.0,65510.0
Nevada,Technical,49-1011,"First-Line Supervisors of Mechanics, Installers, and Repairers",5450.0,5320.0,1551540,5180.0,5800.0,500.0,85690.0
Nevada,Technical,49-2094,"Electrical and Electronics Repairers, Commercial and Industrial Equipment",710.0,510.0,1551540,520.0,560.0,50.0,75530.0
Nevada,Technical,49-9021,"Heating, Air Conditioning, and Refrigeration Mechanics and Installers",4170.0,4240.0,1551540,4390.0,5020.0,450.0,63350.0
Nevada,Technical,49-9041,Industrial Machinery Mechanics,2240.0,2460.0,1551540,2540.0,3320.0,320.0,75900.0
Nevada,Technical,49-9044,Millwrights,150.0,130.0,1551540,130.0,140.0,10.0,70100.0
Nevada,Technical,49-9051,Electrical Power-Line Installers and Repairers,920.0,880.0,1551540,850.0,910.0,70.0,96380.0
Nevada,Technical,51-1011,First-Line Supervisors of Production and Operating Workers,3600.0,4010.0,1551540,4030.0,4550.0,460.0,73190.0
Nevada,Technical,51-4041,Machinists,900.0,860.0,1551540,900.0,1060.0,110.0,56270.0
Nevada,Technical,51-4111,Tool and Die Makers,220.0,200.0,1551540,200.0,240.0,20.0,65880.0
Nevada,Technical,51-4121,"Welders, Cutters, Solderers, and Brazers",1600.0,2080.0,1551540,2270.0,2660.0,280.0,64590.0
Nevada,Technical,51-4193,"Plating Machine Setters, Operators, and Tenders, Metal and Plastic",60.0,60.0,1551540,70.0,70.0,10.0,40440.0
Nevada,Technical,51-8013,Power Plant Operators,250.0,390.0,1551540,380.0,320.0,30.0,115780.0
Nevada,Technical,51-9023,"Mixing and Blending Machine Setters, Operators, and Tenders",650.0,440.0,1551540,460.0,460.0,50.0,50000.0
Nevada,Technical,51-9141,Semiconductor Processing Technicians,,,1551540,,,,38200.0
New Hampshire,Digital,15-1211,Computer Systems Analysts,2090.0,2390.0,683290,2450.0,2640.0,160.0,114170.0
New Hampshire,Digital,15-1212,Information Security Analysts,590.0,730.0,683290,730.0,910.0,60.0,122980.0
New Hampshire,Digital,15-1221,Computer and Information Research Scientists,90.0,130.0,683290,,,,151040.0
New Hampshire,Digital,15-1241,Computer Network Architects,560.0,720.0,683290,720.0,780.0,40.0,133880.0
New Hampshire,Digital,15-1242,Database Administrators,250.0,230.0,683290,230.0,240.0,10.0,96270.0
New Hampshire,Digital,15-1243,Database Architects,120.0,,683290,,,,137030.0
New Hampshire,Digital,15-1244,Network and Computer Systems Administrators,1660.0,2220.0,683290,2220.0,2120.0,100.0,102530.0
New Hampshire,Digital,15-1251,Computer Programmers,,590.0,683290,630.0,560.0,20.0,79720.0
New Hampshire,Digital,15-1252,Software Developers,10840.0,8010.0,683290,8040.0,8880.0,490.0,144530.0
New Hampshire,Digital,15-1253,Software Quality Assurance Analysts and Testers,770.0,610.0,683290,600.0,640.0,40.0,108730.0
New Hampshire,Digital,15-1254,Web Developers,470.0,220.0,683290,230.0,240.0,10.0,93880.0
New Hampshire,Digital,15-1255,Web and Digital Interface Designers,430.0,310.0,683290,340.0,350.0,20.0,106270.0
New Hampshire,Digital,15-2031,Operations Research Analysts,290.0,230.0,683290,230.0,270.0,20.0,
New Hampshire,Digital,15-2041,Statisticians,70.0,50.0,683290,50.0,50.0,0.0,103400.0
New Hampshire,Digital,15-2051,Data Scientists,1100.0,870.0,683290,890.0,1190.0,80.0,109880.0
New Hampshire,Technical,17-1011,"Architects, Except Landscape and Naval",250.0,350.0,683290,380.0,390.0,20.0,98040.0
New Hampshire,Technical,17-1021,Cartographers and Photogrammetrists,70.0,110.0,683290,110.0,120.0,10.0,74660.0
New Hampshire,Technical,17-1022,Surveyors,280.0,260.0,683290,270.0,280.0,20.0,71120.0
New Hampshire,Technical,17-2011,Aerospace Engineers,40.0,,683290,20.0,20.0,0.0,
New Hampshire,Technical,17-2041,Chemical Engineers,40.0,,683290,30.0,30.0,0.0,90810.0
New Hampshire,Technical,17-2051,Civil Engineers,1620.0,1670.0,683290,1720.0,1790.0,110.0,99620.0
New Hampshire,Technical,17-2061,Computer Hardware Engineers,310.0,290.0,683290,290.0,310.0,20.0,135050.0
New Hampshire,Technical,17-2071,Electrical Engineers,1600.0,1420.0,683290,1400.0,1520.0,90.0,142360.0
New Hampshire,Technical,17-2072,"Electronics Engineers, Except Computer",320.0,410.0,683290,410.0,440.0,20.0,116900.0
New Hampshire,Technical,17-2112,Industrial Engineers,1940.0,1750.0,683290,1730.0,1960.0,130.0,109010.0
New Hampshire,Technical,17-2131,Materials Engineers,70.0,70.0,683290,70.0,70.0,0.0,106890.0
New Hampshire,Technical,17-2141,Mechanical Engineers,2760.0,2580.0,683290,2580.0,2860.0,160.0,110940.0
New Hampshire,Technical,17-2199,"Engineers, All Other",610.0,580.0,683290,590.0,600.0,40.0,127190.0
New Hampshire,Technical,17-3011,Architectural and Civil Drafters,400.0,400.0,683290,400.0,410.0,40.0,68940.0
New Hampshire,Technical,17-3012,Electrical and Electronics Drafters,220.0,180.0,683290,190.0,180.0,20.0,98330.0
New Hampshire,Technical,17-3013,Mechanical Drafters,,,683290,,,,61240.0
New Hampshire,Technical,17-3023,Electrical and Electronic Engineering Technologists and Technicians,590.0,700.0,683290,690.0,680.0,60.0,74640.0
New Hampshire,Technical,17-3024,Electro-Mechanical and Mechatronics Technologists and Technicians,80.0,70.0,683290,70.0,80.0,10.0,75930.0
New Hampshire,Technical,17-3027,Mechanical Engineering Technologists and Technicians,570.0,550.0,683290,550.0,550.0,50.0,70080.0
New Hampshire,Technical,17-3031,Surveying and Mapping Technicians,260.0,310.0,683290,330.0,340.0,40.0,59700.0
New Hampshire,Technical,49-1011,"First-Line Supervisors of Mechanics, Installers, and Repairers",3360.0,3000.0,683290,3020.0,3160.0,260.0,90740.0
New Hampshire,Technical,49-2094,"Electrical and Electronics Repairers, Commercial and Industrial Equipment",210.0,270.0,683290,270.0,260.0,20.0,76290.0
New Hampshire,Technical,49-9021,"Heating, Air Conditioning, and Refrigeration Mechanics and Installers",2560.0,2120.0,683290,2200.0,2350.0,200.0,71490.0
New Hampshire,Technical,49-9041,Industrial Machinery Mechanics,1950.0,2140.0,683290,2180.0,2580.0,230.0,67280.0
New Hampshire,Technical,49-9044,Millwrights,80.0,60.0,683290,60.0,60.0,0.0,77970.0
New Hampshire,Technical,49-9051,Electrical Power-Line Installers and Repairers,560.0,400.0,683290,390.0,410.0,30.0,100240.0
New Hampshire,Technical,51-1011,First-Line Supervisors of Production and Operating Workers,3000.0,2990.0,683290,3010.0,3100.0,300.0,83350.0
New Hampshire,Technical,51-4041,Machinists,1620.0,1540.0,683290,1530.0,1580.0,160.0,62150.0
New Hampshire,Technical,51-4111,Tool and Die Makers,250.0,260.0,683290,260.0,250.0,20.0,72570.0
New Hampshire,Technical,51-4121,"Welders, Cutters, Solderers, and Brazers",1110.0,1040.0,683290,1100.0,1170.0,120.0,62900.0
New Hampshire,Technical,51-4193,"Plating Machine Setters, Operators, and Tenders, Metal and Plastic",60.0,100.0,683290,100.0,100.0,10.0,47420.0
New Hampshire,Technical,51-8013,Power Plant Operators,90.0,150.0,683290,150.0,120.0,10.0,86560.0
New Hampshire,Technical,51-9023,"Mixing and Blending Machine Setters, Operators, and Tenders",310.0,290.0,683290,290.0,280.0,20.0,54530.0
New Hampshire,Technical,51-9141,Semiconductor Processing Technicians,130.0,170.0,683290,170.0,190.0,20.0,55130.0
New Jersey,Digital,15-1211,Computer Systems Analysts,16520.0,17290.0,4285720,17630.0,18380.0,1060.0,125850.0
New Jersey,Digital,15-1212,Information Security Analysts,4860.0,4730.0,4285720,4760.0,5850.0,380.0,140040.0
New Jersey,Digital,15-1221,Computer and Information Research Scientists,1580.0,1110.0,4285720,1150.0,1270.0,80.0,148250.0
New Jersey,Digital,15-1241,Computer Network Architects,5660.0,6440.0,4285720,6370.0,6780.0,350.0,159330.0
New Jersey,Digital,15-1242,Database Administrators,1810.0,2060.0,4285720,2140.0,2060.0,100.0,125070.0
New Jersey,Digital,15-1243,Database Architects,3090.0,2530.0,4285720,2620.0,2770.0,150.0,130590.0
New Jersey,Digital,15-1244,Network and Computer Systems Administrators,9280.0,10300.0,4285720,10430.0,9710.0,420.0,119390.0
New Jersey,Digital,15-1251,Computer Programmers,3930.0,4000.0,4285720,4240.0,3850.0,170.0,114950.0
New Jersey,Digital,15-1252,Software Developers,51570.0,57120.0,4285720,56820.0,62080.0,3400.0,143800.0
New Jersey,Digital,15-1253,Software Quality Assurance Analysts and Testers,6550.0,6930.0,4285720,6820.0,7120.0,420.0,120550.0
New Jersey,Digital,15-1254,Web Developers,2250.0,2160.0,4285720,2460.0,2560.0,140.0,94990.0
New Jersey,Digital,15-1255,Web and Digital Interface Designers,2170.0,2450.0,4285720,2750.0,2850.0,180.0,104180.0
New Jersey,Digital,15-2031,Operations Research Analysts,3280.0,2630.0,4285720,2700.0,3170.0,220.0,
New Jersey,Digital,15-2041,Statisticians,880.0,550.0,4285720,560.0,620.0,40.0,126370.0
New Jersey,Digital,15-2051,Data Scientists,6430.0,5860.0,4285720,5980.0,7660.0,530.0,138590.0
New Jersey,Technical,17-1011,"Architects, Except Landscape and Naval",2390.0,2430.0,4285720,2770.0,2810.0,160.0,118250.0
New Jersey,Technical,17-1021,Cartographers and Photogrammetrists,170.0,130.0,4285720,140.0,140.0,10.0,90510.0
New Jersey,Technical,17-1022,Surveyors,900.0,950.0,4285720,1010.0,1040.0,70.0,86060.0
New Jersey,Technical,17-2011,Aerospace Engineers,3400.0,1550.0,4285720,1560.0,1620.0,90.0,131410.0
New Jersey,Technical,17-2041,Chemical Engineers,440.0,480.0,4285720,520.0,520.0,20.0,129080.0
New Jersey,Technical,17-2051,Civil Engineers,6900.0,6780.0,4285720,7010.0,7280.0,440.0,114750.0
New Jersey,Technical,17-2061,Computer Hardware Engineers,580.0,690.0,4285720,690.0,690.0,40.0,146990.0
New Jersey,Technical,17-2071,Electrical Engineers,2940.0,3620.0,4285720,3600.0,3780.0,210.0,126990.0
New Jersey,Technical,17-2072,"Electronics Engineers, Except Computer",1820.0,1950.0,4285720,1880.0,1960.0,110.0,154750.0
New Jersey,Technical,17-2112,Industrial Engineers,6870.0,6280.0,4285720,6340.0,6990.0,450.0,112840.0
New Jersey,Technical,17-2131,Materials Engineers,260.0,290.0,4285720,300.0,300.0,20.0,117440.0
New Jersey,Technical,17-2141,Mechanical Engineers,4180.0,4440.0,4285720,4530.0,4760.0,260.0,116640.0
New Jersey,Technical,17-2199,"Engineers, All Other",4540.0,3910.0,4285720,4130.0,4090.0,230.0,133380.0
New Jersey,Technical,17-3011,Architectural and Civil Drafters,2280.0,1990.0,4285720,2050.0,2090.0,180.0,67820.0
New Jersey,Technical,17-3012,Electrical and Electronics Drafters,240.0,280.0,4285720,300.0,290.0,20.0,83530.0
New Jersey,Technical,17-3013,Mechanical Drafters,690.0,780.0,4285720,840.0,820.0,70.0,86540.0
New Jersey,Technical,17-3023,Electrical and Electronic Engineering Technologists and Technicians,2250.0,1760.0,4285720,1810.0,1740.0,150.0,87320.0
New Jersey,Technical,17-3024,Electro-Mechanical and Mechatronics Technologists and Technicians,200.0,210.0,4285720,220.0,220.0,20.0,71060.0
New Jersey,Technical,17-3027,Mechanical Engineering Technologists and Technicians,260.0,360.0,4285720,370.0,380.0,30.0,70140.0
New Jersey,Technical,17-3031,Surveying and Mapping Technicians,750.0,870.0,4285720,910.0,930.0,110.0,63940.0
New Jersey,Technical,49-1011,"First-Line Supervisors of Mechanics, Installers, and Repairers",14930.0,14130.0,4285720,14470.0,14900.0,1220.0,95460.0
New Jersey,Technical,49-2094,"Electrical and Electronics Repairers, Commercial and Industrial Equipment",1290.0,,4285720,1410.0,1420.0,110.0,77600.0
New Jersey,Technical,49-9021,"Heating, Air Conditioning, and Refrigeration Mechanics and Installers",10330.0,10680.0,4285720,11290.0,12380.0,1090.0,77580.0
New Jersey,Technical,49-9041,Industrial Machinery Mechanics,8380.0,9110.0,4285720,9400.0,10550.0,930.0,74420.0
New Jersey,Technical,49-9044,Millwrights,340.0,210.0,4285720,210.0,220.0,20.0,101150.0
New Jersey,Technical,49-9051,Electrical Power-Line Installers and Repairers,1310.0,1270.0,4285720,1290.0,1410.0,110.0,109390.0
New Jersey,Technical,51-1011,First-Line Supervisors of Production and Operating Workers,15040.0,14600.0,4285720,15100.0,15530.0,1500.0,84850.0
New Jersey,Technical,51-4041,Machinists,3210.0,3530.0,4285720,3470.0,3530.0,350.0,66720.0
New Jersey,Technical,51-4111,Tool and Die Makers,540.0,620.0,4285720,620.0,630.0,60.0,73770.0
New Jersey,Technical,51-4121,"Welders, Cutters, Solderers, and Brazers",3730.0,3300.0,4285720,3500.0,3620.0,360.0,62500.0
New Jersey,Technical,51-4193,"Plating Machine Setters, Operators, and Tenders, Metal and Plastic",380.0,440.0,4285720,450.0,450.0,40.0,41920.0
New Jersey,Technical,51-8013,Power Plant Operators,300.0,210.0,4285720,210.0,190.0,20.0,120430.0
New Jersey,Technical,51-9023,"Mixing and Blending Machine Setters, Operators, and Tenders",2050.0,2170.0,4285720,2280.0,2190.0,210.0,57330.0
New Mexico,Digital,15-1211,Computer Systems Analysts,2290.0,2500.0,870970,2620.0,2960.0,190.0,102690.0
New Mexico,Digital,15-1212,Information Security Analysts,2470.0,1760.0,870970,1780.0,2430.0,170.0,142450.0
New Mexico,Digital,15-1221,Computer and Information Research Scientists,490.0,,870970,,,,173530.0
New Mexico,Digital,15-1241,Computer Network Architects,420.0,730.0,870970,720.0,840.0,50.0,108650.0
New Mexico,Digital,15-1242,Database Administrators,570.0,520.0,870970,540.0,550.0,30.0,101190.0
New Mexico,Digital,15-1243,Database Architects,120.0,130.0,870970,130.0,150.0,10.0,122200.0
New Mexico,Digital,15-1244,Network and Computer Systems Administrators,1220.0,1520.0,870970,1570.0,1580.0,80.0,92000.0
New Mexico,Digital,15-1251,Computer Programmers,600.0,490.0,870970,540.0,520.0,30.0,91280.0
New Mexico,Digital,15-1252,Software Developers,3960.0,4810.0,870970,4930.0,5940.0,360.0,126620.0
New Mexico,Digital,15-1253,Software Quality Assurance Analysts and Testers,450.0,400.0,870970,400.0,440.0,30.0,122520.0
New Mexico,Digital,15-1254,Web Developers,130.0,,870970,,,,72930.0
New Mexico,Digital,15-1255,Web and Digital Interface Designers,200.0,280.0,870970,310.0,320.0,20.0,66150.0
New Mexico,Digital,15-2031,Operations Research Analysts,510.0,500.0,870970,470.0,580.0,40.0,93860.0
New Mexico,Digital,15-2041,Statisticians,230.0,360.0,870970,360.0,440.0,30.0,85780.0
New Mexico,Digital,15-2051,Data Scientists,560.0,510.0,870970,540.0,740.0,50.0,94160.0
New Mexico,Technical,17-1011,"Architects, Except Landscape and Naval",600.0,720.0,870970,800.0,860.0,60.0,81770.0
New Mexico,Technical,17-1021,Cartographers and Photogrammetrists,70.0,,870970,20.0,20.0,0.0,80930.0
New Mexico,Technical,17-1022,Surveyors,290.0,210.0,870970,220.0,240.0,20.0,75490.0
New Mexico,Technical,17-2011,Aerospace Engineers,570.0,1940.0,870970,1970.0,2200.0,140.0,141430.0
New Mexico,Technical,17-2041,Chemical Engineers,160.0,80.0,870970,90.0,100.0,10.0,147420.0
New Mexico,Technical,17-2051,Civil Engineers,1350.0,1400.0,870970,1400.0,1520.0,100.0,111300.0
New Mexico,Technical,17-2061,Computer Hardware Engineers,5260.0,,870970,,,,163890.0
New Mexico,Technical,17-2071,Electrical Engineers,2560.0,1580.0,870970,1590.0,1770.0,100.0,155400.0
New Mexico,Technical,17-2072,"Electronics Engineers, Except Computer",1110.0,980.0,870970,930.0,1020.0,60.0,144540.0
New Mexico,Technical,17-2112,Industrial Engineers,1140.0,750.0,870970,760.0,900.0,60.0,130630.0
New Mexico,Technical,17-2131,Materials Engineers,450.0,,870970,,,,173000.0
New Mexico,Technical,17-2141,Mechanical Engineers,2710.0,1690.0,870970,1690.0,1920.0,110.0,152430.0
New Mexico,Technical,17-2199,"Engineers, All Other",2190.0,1720.0,870970,1600.0,1710.0,100.0,151130.0
New Mexico,Technical,17-3011,Architectural and Civil Drafters,690.0,340.0,870970,340.0,370.0,30.0,57740.0
New Mexico,Technical,17-3012,Electrical and Electronics Drafters,390.0,350.0,870970,370.0,370.0,30.0,98870.0
New Mexico,Technical,17-3013,Mechanical Drafters,90.0,120.0,870970,130.0,130.0,10.0,98460.0
New Mexico,Technical,17-3023,Electrical and Electronic Engineering Technologists and Technicians,1000.0,1070.0,870970,1040.0,1100.0,100.0,92370.0
New Mexico,Technical,17-3024,Electro-Mechanical and Mechatronics Technologists and Technicians,670.0,,870970,,,,110820.0
New Mexico,Technical,17-3027,Mechanical Engineering Technologists and Technicians,320.0,330.0,870970,330.0,360.0,30.0,92890.0
New Mexico,Technical,17-3031,Surveying and Mapping Technicians,610.0,550.0,870970,570.0,630.0,80.0,57730.0
New Mexico,Technical,49-1011,"First-Line Supervisors of Mechanics, Installers, and Repairers",3780.0,3550.0,870970,3590.0,3780.0,320.0,81320.0
New Mexico,Technical,49-2094,"Electrical and Electronics Repairers, Commercial and Industrial Equipment",420.0,280.0,870970,270.0,270.0,20.0,80670.0
New Mexico,Technical,49-9021,"Heating, Air Conditioning, and Refrigeration Mechanics and Installers",1950.0,1820.0,870970,1930.0,2120.0,190.0,55330.0
New Mexico,Technical,49-9041,Industrial Machinery Mechanics,2780.0,2730.0,870970,2840.0,3240.0,290.0,63550.0
New Mexico,Technical,49-9044,Millwrights,60.0,70.0,870970,70.0,70.0,10.0,92390.0
New Mexico,Technical,49-9051,Electrical Power-Line Installers and Repairers,1020.0,1100.0,870970,1130.0,1270.0,100.0,74530.0
New Mexico,Technical,49-9081,Wind Turbine Service Technicians,330.0,150.0,870970,180.0,280.0,30.0,58560.0
New Mexico,Technical,51-1011,First-Line Supervisors of Production and Operating Workers,2520.0,2630.0,870970,2690.0,2820.0,280.0,74660.0
New Mexico,Technical,51-4041,Machinists,690.0,830.0,870970,830.0,850.0,80.0,60960.0
New Mexico,Technical,51-4111,Tool and Die Makers,40.0,,870970,,,,52930.0
New Mexico,Technical,51-4121,"Welders, Cutters, Solderers, and Brazers",2390.0,2350.0,870970,2540.0,2700.0,270.0,63720.0
New Mexico,Technical,51-8013,Power Plant Operators,130.0,130.0,870970,130.0,120.0,10.0,99890.0
New Mexico,Technical,51-9023,"Mixing and Blending Machine Setters, Operators, and Tenders",340.0,460.0,870970,460.0,450.0,40.0,43610.0
New York,Digital,15-1211,Computer Systems Analysts,24100.0,20950.0,9688000,22380.0,23300.0,1340.0,117960.0
New York,Digital,15-1212,Information Security Analysts,10060.0,8860.0,9688000,9250.0,11140.0,720.0,144720.0
New York,Digital,15-1221,Computer and Information Research Scientists,1950.0,1320.0,9688000,1380.0,1600.0,100.0,203370.0
New York,Digital,15-1241,Computer Network Architects,9800.0,9180.0,9688000,9540.0,9880.0,500.0,147700.0
New York,Digital,15-1242,Database Administrators,3590.0,3680.0,9688000,3960.0,3800.0,180.0,114100.0
New York,Digital,15-1243,Database Architects,3850.0,4180.0,9688000,4400.0,4460.0,220.0,145180.0
New York,Digital,15-1244,Network and Computer Systems Administrators,18220.0,19770.0,9688000,21520.0,19780.0,820.0,113900.0
New York,Digital,15-1251,Computer Programmers,7020.0,7090.0,9688000,8470.0,7780.0,360.0,115900.0
New York,Digital,15-1252,Software Developers,113510.0,104130.0,9688000,108010.0,113930.0,5960.0,163820.0
New York,Digital,15-1253,Software Quality Assurance Analysts and Testers,10460.0,11140.0,9688000,11460.0,11510.0,660.0,122950.0
New York,Digital,15-1254,Web Developers,3990.0,6340.0,9688000,6790.0,7000.0,390.0,102850.0
New York,Digital,15-1255,Web and Digital Interface Designers,16560.0,14840.0,9688000,16110.0,15930.0,960.0,129990.0
New York,Digital,15-2031,Operations Research Analysts,5890.0,6020.0,9688000,6420.0,7540.0,520.0,117790.0
New York,Digital,15-2041,Statisticians,1220.0,1490.0,9688000,1630.0,1740.0,100.0,146430.0
New York,Digital,15-2051,Data Scientists,23970.0,20070.0,9688000,21590.0,27070.0,1830.0,137690.0
New York,Technical,17-1011,"Architects, Except Landscape and Naval",10360.0,10930.0,9688000,11860.0,11840.0,680.0,111890.0
New York,Technical,17-1021,Cartographers and Photogrammetrists,230.0,190.0,9688000,,,,88010.0
New York,Technical,17-1022,Surveyors,1470.0,1570.0,9688000,1730.0,1720.0,110.0,87640.0
New York,Technical,17-2011,Aerospace Engineers,560.0,730.0,9688000,850.0,890.0,50.0,135720.0
New York,Technical,17-2041,Chemical Engineers,540.0,560.0,9688000,650.0,640.0,30.0,120480.0
New York,Technical,17-2051,Civil Engineers,17500.0,17000.0,9688000,17890.0,17980.0,1040.0,117880.0
New York,Technical,17-2061,Computer Hardware Engineers,3020.0,2500.0,9688000,2660.0,2660.0,140.0,164770.0
New York,Technical,17-2071,Electrical Engineers,8770.0,7720.0,9688000,8010.0,8160.0,440.0,122140.0
New York,Technical,17-2072,"Electronics Engineers, Except Computer",2220.0,2180.0,9688000,2280.0,2280.0,120.0,123850.0
New York,Technical,17-2112,Industrial Engineers,11810.0,12640.0,9688000,12830.0,12800.0,740.0,109670.0
New York,Technical,17-2131,Materials Engineers,590.0,750.0,9688000,760.0,760.0,40.0,123860.0
New York,Technical,17-2141,Mechanical Engineers,8590.0,8420.0,9688000,8850.0,8880.0,450.0,110270.0
New York,Technical,17-2199,"Engineers, All Other",5760.0,5020.0,9688000,5240.0,5160.0,280.0,124360.0
New York,Technical,17-3011,Architectural and Civil Drafters,7380.0,8010.0,9688000,8200.0,8100.0,680.0,78160.0
New York,Technical,17-3012,Electrical and Electronics Drafters,850.0,930.0,9688000,790.0,730.0,60.0,84860.0
New York,Technical,17-3013,Mechanical Drafters,1940.0,2030.0,9688000,2190.0,1860.0,140.0,79250.0
New York,Technical,17-3023,Electrical and Electronic Engineering Technologists and Technicians,4390.0,4270.0,9688000,4320.0,4170.0,360.0,77540.0
New York,Technical,17-3024,Electro-Mechanical and Mechatronics Technologists and Technicians,410.0,430.0,9688000,450.0,450.0,40.0,75040.0
New York,Technical,17-3027,Mechanical Engineering Technologists and Technicians,1140.0,1390.0,9688000,1460.0,1320.0,100.0,75030.0
New York,Technical,17-3031,Surveying and Mapping Technicians,2540.0,1900.0,9688000,2020.0,2060.0,250.0,59670.0
New York,Technical,49-1011,"First-Line Supervisors of Mechanics, Installers, and Repairers",26930.0,27180.0,9688000,28100.0,28200.0,2280.0,95710.0
New York,Technical,49-2094,"Electrical and Electronics Repairers, Commercial and Industrial Equipment",1700.0,1450.0,9688000,1540.0,1440.0,110.0,77070.0
New York,Technical,49-9021,"Heating, Air Conditioning, and Refrigeration Mechanics and Installers",24430.0,22710.0,9688000,24210.0,24590.0,2060.0,74760.0
New York,Technical,49-9041,Industrial Machinery Mechanics,12740.0,12630.0,9688000,12930.0,13540.0,1140.0,72990.0
New York,Technical,49-9044,Millwrights,1000.0,780.0,9688000,780.0,700.0,60.0,78510.0
New York,Technical,49-9051,Electrical Power-Line Installers and Repairers,5840.0,5270.0,9688000,6350.0,7000.0,560.0,108030.0
New York,Technical,49-9081,Wind Turbine Service Technicians,390.0,250.0,9688000,570.0,940.0,110.0,81230.0
New York,Technical,51-1011,First-Line Supervisors of Production and Operating Workers,20830.0,21230.0,9688000,22240.0,20060.0,1790.0,82260.0
New York,Technical,51-4041,Machinists,9400.0,8870.0,9688000,8980.0,7850.0,720.0,61910.0
New York,Technical,51-4111,Tool and Die Makers,1270.0,1460.0,9688000,1440.0,1150.0,100.0,70970.0
New York,Technical,51-4121,"Welders, Cutters, Solderers, and Brazers",8310.0,7810.0,9688000,9490.0,8960.0,840.0,62810.0
New York,Technical,51-4193,"Plating Machine Setters, Operators, and Tenders, Metal and Plastic",830.0,1000.0,9688000,1010.0,770.0,60.0,47200.0
New York,Technical,51-8013,Power Plant Operators,1960.0,2350.0,9688000,1800.0,1650.0,150.0,108880.0
New York,Technical,51-9023,"Mixing and Blending Machine Setters, Operators, and Tenders",4340.0,4550.0,9688000,4590.0,3620.0,300.0,54140.0
New York,Technical,51-9141,Semiconductor Processing Technicians,1750.0,1730.0,9688000,1770.0,1850.0,200.0,54240.0
North Carolina,Digital,15-1211,Computer Systems Analysts,20910.0,25350.0,4941820,24810.0,27150.0,1650.0,114330.0
North Carolina,Digital,15-1212,Information Security Analysts,8670.0,6850.0,4941820,6670.0,8520.0,580.0,130990.0
North Carolina,Digital,15-1221,Computer and Information Research Scientists,600.0,790.0,4941820,800.0,1000.0,70.0,136080.0
North Carolina,Digital,15-1241,Computer Network Architects,8350.0,7440.0,4941820,7200.0,8060.0,450.0,130700.0
North Carolina,Digital,15-1242,Database Administrators,1920.0,1990.0,4941820,2070.0,2060.0,100.0,113260.0
North Carolina,Digital,15-1243,Database Architects,4070.0,4060.0,4941820,3870.0,4250.0,240.0,136590.0
North Carolina,Digital,15-1244,Network and Computer Systems Administrators,13850.0,13080.0,4941820,12510.0,12360.0,590.0,97580.0
North Carolina,Digital,15-1251,Computer Programmers,4120.0,3880.0,4941820,4130.0,3970.0,200.0,81740.0
North Carolina,Digital,15-1252,Software Developers,58470.0,57590.0,4941820,56460.0,64410.0,3720.0,136940.0
North Carolina,Digital,15-1253,Software Quality Assurance Analysts and Testers,8890.0,7280.0,4941820,6900.0,7590.0,480.0,102060.0
North Carolina,Digital,15-1254,Web Developers,2030.0,1860.0,4941820,2150.0,2280.0,130.0,98380.0
North Carolina,Digital,15-1255,Web and Digital Interface Designers,3400.0,3360.0,4941820,3700.0,3950.0,260.0,104010.0
North Carolina,Digital,15-2031,Operations Research Analysts,2520.0,2520.0,4941820,2570.0,3150.0,220.0,98000.0
North Carolina,Digital,15-2041,Statisticians,1200.0,1430.0,4941820,1430.0,1580.0,90.0,122490.0
North Carolina,Digital,15-2051,Data Scientists,11430.0,10140.0,4941820,10390.0,13800.0,980.0,121270.0
North Carolina,Technical,17-1011,"Architects, Except Landscape and Naval",2980.0,2920.0,4941820,3320.0,3620.0,230.0,104270.0
North Carolina,Technical,17-1021,Cartographers and Photogrammetrists,900.0,600.0,4941820,610.0,670.0,50.0,79250.0
North Carolina,Technical,17-1022,Surveyors,1530.0,1660.0,4941820,1760.0,1940.0,140.0,82130.0
North Carolina,Technical,17-2011,Aerospace Engineers,650.0,690.0,4941820,730.0,790.0,50.0,127500.0
North Carolina,Technical,17-2041,Chemical Engineers,380.0,450.0,4941820,450.0,460.0,20.0,123550.0
North Carolina,Technical,17-2051,Civil Engineers,12810.0,12670.0,4941820,13130.0,14280.0,900.0,104760.0
North Carolina,Technical,17-2061,Computer Hardware Engineers,1340.0,1250.0,4941820,1210.0,1300.0,80.0,144050.0
North Carolina,Technical,17-2071,Electrical Engineers,7090.0,6560.0,4941820,6720.0,7270.0,420.0,121380.0
North Carolina,Technical,17-2072,"Electronics Engineers, Except Computer",2090.0,1350.0,4941820,1420.0,1580.0,90.0,124670.0
North Carolina,Technical,17-2112,Industrial Engineers,11580.0,11620.0,4941820,11470.0,12810.0,840.0,102890.0
North Carolina,Technical,17-2131,Materials Engineers,640.0,770.0,4941820,750.0,790.0,50.0,110700.0
North Carolina,Technical,17-2141,Mechanical Engineers,9560.0,9390.0,4941820,9440.0,10600.0,620.0,107350.0
North Carolina,Technical,17-2199,"Engineers, All Other",4270.0,4230.0,4941820,4230.0,4400.0,260.0,117080.0
North Carolina,Technical,17-3011,Architectural and Civil Drafters,2680.0,3140.0,4941820,3210.0,3480.0,310.0,66430.0
North Carolina,Technical,17-3012,Electrical and Electronics Drafters,430.0,360.0,4941820,390.0,370.0,30.0,78800.0
North Carolina,Technical,17-3013,Mechanical Drafters,1350.0,850.0,4941820,910.0,880.0,70.0,62030.0
North Carolina,Technical,17-3023,Electrical and Electronic Engineering Technologists and Technicians,2490.0,2040.0,4941820,2040.0,2080.0,190.0,77890.0
North Carolina,Technical,17-3024,Electro-Mechanical and Mechatronics Technologists and Technicians,800.0,630.0,4941820,640.0,660.0,60.0,66920.0
North Carolina,Technical,17-3027,Mechanical Engineering Technologists and Technicians,1190.0,1010.0,4941820,1020.0,1030.0,90.0,66850.0
North Carolina,Technical,17-3031,Surveying and Mapping Technicians,4100.0,4510.0,4941820,4740.0,5160.0,640.0,55410.0
North Carolina,Technical,49-1011,"First-Line Supervisors of Mechanics, Installers, and Repairers",21110.0,21050.0,4941820,21500.0,22600.0,1890.0,80050.0
North Carolina,Technical,49-2094,"Electrical and Electronics Repairers, Commercial and Industrial Equipment",1660.0,1570.0,4941820,1550.0,1550.0,120.0,76120.0
North Carolina,Technical,49-9021,"Heating, Air Conditioning, and Refrigeration Mechanics and Installers",15230.0,13750.0,4941820,14550.0,15900.0,1400.0,57400.0
North Carolina,Technical,49-9041,Industrial Machinery Mechanics,15720.0,15650.0,4941820,16010.0,19130.0,1740.0,63540.0
North Carolina,Technical,49-9044,Millwrights,700.0,810.0,4941820,810.0,810.0,70.0,63590.0
North Carolina,Technical,49-9051,Electrical Power-Line Installers and Repairers,5650.0,4930.0,4941820,4970.0,5270.0,410.0,77570.0
North Carolina,Technical,49-9081,Wind Turbine Service Technicians,120.0,120.0,4941820,140.0,150.0,10.0,74220.0
North Carolina,Technical,51-1011,First-Line Supervisors of Production and Operating Workers,22240.0,22650.0,4941820,22810.0,23120.0,2220.0,72480.0
North Carolina,Technical,51-4041,Machinists,8330.0,8310.0,4941820,8410.0,8730.0,880.0,54880.0
North Carolina,Technical,51-4111,Tool and Die Makers,1580.0,1480.0,4941820,1490.0,1410.0,140.0,60950.0
North Carolina,Technical,51-4121,"Welders, Cutters, Solderers, and Brazers",11750.0,12020.0,4941820,12960.0,13760.0,1370.0,53720.0
North Carolina,Technical,51-4193,"Plating Machine Setters, Operators, and Tenders, Metal and Plastic",710.0,490.0,4941820,500.0,440.0,40.0,43530.0
North Carolina,Technical,51-8013,Power Plant Operators,420.0,500.0,4941820,500.0,430.0,40.0,100460.0
North Carolina,Technical,51-9023,"Mixing and Blending Machine Setters, Operators, and Tenders",3400.0,4020.0,4941820,3940.0,3670.0,340.0,48770.0
North Carolina,Technical,51-9141,Semiconductor Processing Technicians,60.0,100.0,4941820,90.0,100.0,10.0,56200.0
North Dakota,Digital,15-1211,Computer Systems Analysts,280.0,180.0,429430,210.0,220.0,10.0,101850.0
North Dakota,Digital,15-1212,Information Security Analysts,310.0,340.0,429430,330.0,440.0,30.0,107420.0
North Dakota,Digital,15-1241,Computer Network Architects,230.0,280.0,429430,280.0,320.0,20.0,112630.0
North Dakota,Digital,15-1242,Database Administrators,80.0,90.0,429430,90.0,100.0,0.0,86530.0
North Dakota,Digital,15-1243,Database Architects,60.0,50.0,429430,,,,113270.0
North Dakota,Digital,15-1244,Network and Computer Systems Administrators,930.0,920.0,429430,940.0,930.0,40.0,89770.0
North Dakota,Digital,15-1251,Computer Programmers,190.0,230.0,429430,240.0,230.0,10.0,97550.0
North Dakota,Digital,15-1252,Software Developers,1450.0,1510.0,429430,1520.0,1750.0,100.0,107000.0
North Dakota,Digital,15-1253,Software Quality Assurance Analysts and Testers,200.0,470.0,429430,460.0,500.0,30.0,83460.0
North Dakota,Digital,15-1254,Web Developers,,250.0,429430,250.0,280.0,20.0,72630.0
North Dakota,Digital,15-1255,Web and Digital Interface Designers,40.0,40.0,429430,70.0,70.0,0.0,71740.0
North Dakota,Digital,15-2031,Operations Research Analysts,130.0,140.0,429430,140.0,170.0,10.0,89080.0
North Dakota,Digital,15-2041,Statisticians,40.0,40.0,429430,50.0,50.0,0.0,82570.0
North Dakota,Digital,15-2051,Data Scientists,210.0,320.0,429430,330.0,430.0,30.0,87570.0
North Dakota,Technical,17-1011,"Architects, Except Landscape and Naval",290.0,180.0,429430,250.0,260.0,20.0,101930.0
North Dakota,Technical,17-1021,Cartographers and Photogrammetrists,80.0,40.0,429430,40.0,50.0,0.0,72140.0
North Dakota,Technical,17-1022,Surveyors,250.0,310.0,429430,340.0,370.0,30.0,89210.0
North Dakota,Technical,17-2041,Chemical Engineers,80.0,60.0,429430,70.0,80.0,0.0,117040.0
North Dakota,Technical,17-2051,Civil Engineers,1380.0,1470.0,429430,1550.0,1700.0,110.0,98780.0
North Dakota,Technical,17-2071,Electrical Engineers,260.0,260.0,429430,310.0,330.0,20.0,112380.0
North Dakota,Technical,17-2072,"Electronics Engineers, Except Computer",50.0,50.0,429430,50.0,60.0,0.0,115560.0
North Dakota,Technical,17-2112,Industrial Engineers,600.0,530.0,429430,540.0,630.0,40.0,95040.0
North Dakota,Technical,17-2141,Mechanical Engineers,790.0,770.0,429430,810.0,940.0,60.0,96400.0
North Dakota,Technical,17-2199,"Engineers, All Other",220.0,270.0,429430,290.0,310.0,20.0,104700.0
North Dakota,Technical,17-3011,Architectural and Civil Drafters,380.0,320.0,429430,330.0,360.0,30.0,67570.0
North Dakota,Technical,17-3012,Electrical and Electronics Drafters,90.0,,429430,10.0,10.0,0.0,
North Dakota,Technical,17-3013,Mechanical Drafters,100.0,50.0,429430,70.0,70.0,0.0,77950.0
North Dakota,Technical,17-3023,Electrical and Electronic Engineering Technologists and Technicians,120.0,140.0,429430,140.0,140.0,10.0,81560.0
North Dakota,Technical,17-3024,Electro-Mechanical and Mechatronics Technologists and Technicians,90.0,100.0,429430,100.0,110.0,10.0,92220.0
North Dakota,Technical,17-3027,Mechanical Engineering Technologists and Technicians,90.0,80.0,429430,80.0,90.0,10.0,79000.0
North Dakota,Technical,17-3031,Surveying and Mapping Technicians,160.0,140.0,429430,160.0,170.0,20.0,65950.0
North Dakota,Technical,49-1011,"First-Line Supervisors of Mechanics, Installers, and Repairers",1920.0,1820.0,429430,1960.0,2040.0,170.0,95290.0
North Dakota,Technical,49-2094,"Electrical and Electronics Repairers, Commercial and Industrial Equipment",520.0,400.0,429430,430.0,420.0,30.0,96880.0
North Dakota,Technical,49-9021,"Heating, Air Conditioning, and Refrigeration Mechanics and Installers",970.0,1100.0,429430,1170.0,1310.0,120.0,70010.0
North Dakota,Technical,49-9041,Industrial Machinery Mechanics,2560.0,2760.0,429430,2840.0,3320.0,300.0,72140.0
North Dakota,Technical,49-9044,Millwrights,170.0,130.0,429430,130.0,130.0,10.0,64840.0
North Dakota,Technical,49-9051,Electrical Power-Line Installers and Repairers,740.0,670.0,429430,800.0,840.0,60.0,99510.0
North Dakota,Technical,49-9081,Wind Turbine Service Technicians,310.0,250.0,429430,290.0,410.0,40.0,72800.0
North Dakota,Technical,51-1011,First-Line Supervisors of Production and Operating Workers,1650.0,1650.0,429430,1730.0,1840.0,180.0,80420.0
North Dakota,Technical,51-4041,Machinists,560.0,500.0,429430,510.0,550.0,60.0,63830.0
North Dakota,Technical,51-4111,Tool and Die Makers,70.0,90.0,429430,90.0,90.0,10.0,72320.0
North Dakota,Technical,51-4121,"Welders, Cutters, Solderers, and Brazers",2590.0,2720.0,429430,2820.0,3050.0,310.0,64880.0
North Dakota,Technical,51-8013,Power Plant Operators,150.0,170.0,429430,230.0,190.0,20.0,116410.0
North Dakota,Technical,51-9023,"Mixing and Blending Machine Setters, Operators, and Tenders",260.0,290.0,429430,290.0,280.0,30.0,50540.0
Ohio,Digital,15-1211,Computer Systems Analysts,19190.0,15490.0,5550180,15850.0,16850.0,990.0,108170.0
Ohio,Digital,15-1212,Information Security Analysts,6010.0,5070.0,5550180,5080.0,6360.0,420.0,117710.0
Ohio,Digital,15-1221,Computer and Information Research Scientists,280.0,270.0,5550180,240.0,270.0,20.0,126370.0
Ohio,Digital,15-1241,Computer Network Architects,5150.0,5350.0,5550180,5320.0,5870.0,320.0,133060.0
Ohio,Digital,15-1242,Database Administrators,1860.0,1770.0,5550180,1860.0,1810.0,90.0,100770.0
Ohio,Digital,15-1243,Database Architects,1820.0,2230.0,5550180,2240.0,2360.0,130.0,135120.0
Ohio,Digital,15-1244,Network and Computer Systems Administrators,15130.0,15950.0,5550180,15960.0,15000.0,650.0,101770.0
Ohio,Digital,15-1251,Computer Programmers,2100.0,2030.0,5550180,2170.0,1970.0,90.0,93010.0
Ohio,Digital,15-1252,Software Developers,44790.0,44280.0,5550180,45120.0,49680.0,2750.0,119860.0
Ohio,Digital,15-1253,Software Quality Assurance Analysts and Testers,4400.0,4000.0,5550180,3990.0,4240.0,260.0,95890.0
Ohio,Digital,15-1254,Web Developers,1690.0,1760.0,5550180,1850.0,1860.0,100.0,
Ohio,Digital,15-1255,Web and Digital Interface Designers,2520.0,1940.0,5550180,2150.0,2170.0,140.0,94540.0
Ohio,Digital,15-2031,Operations Research Analysts,2600.0,2970.0,5550180,2890.0,3470.0,240.0,101050.0
Ohio,Digital,15-2041,Statisticians,580.0,360.0,5550180,350.0,370.0,20.0,100060.0
Ohio,Digital,15-2051,Data Scientists,6100.0,5510.0,5550180,5570.0,7180.0,500.0,107160.0
Ohio,Technical,17-1011,"Architects, Except Landscape and Naval",3480.0,3080.0,5550180,3340.0,3410.0,200.0,99370.0
Ohio,Technical,17-1021,Cartographers and Photogrammetrists,490.0,320.0,5550180,330.0,340.0,20.0,73340.0
Ohio,Technical,17-1022,Surveyors,1300.0,1160.0,5550180,1190.0,1220.0,80.0,75480.0
Ohio,Technical,17-2011,Aerospace Engineers,3710.0,3770.0,5550180,3800.0,4010.0,240.0,137590.0
Ohio,Technical,17-2041,Chemical Engineers,1030.0,1100.0,5550180,1140.0,1150.0,60.0,118710.0
Ohio,Technical,17-2051,Civil Engineers,10560.0,8520.0,5550180,8610.0,8880.0,530.0,100810.0
Ohio,Technical,17-2061,Computer Hardware Engineers,580.0,790.0,5550180,770.0,800.0,40.0,127770.0
Ohio,Technical,17-2071,Electrical Engineers,6360.0,6030.0,5550180,6080.0,6450.0,360.0,106150.0
Ohio,Technical,17-2072,"Electronics Engineers, Except Computer",3240.0,3860.0,5550180,3720.0,3880.0,210.0,121450.0
Ohio,Technical,17-2112,Industrial Engineers,23480.0,22310.0,5550180,22330.0,24040.0,1510.0,103740.0
Ohio,Technical,17-2131,Materials Engineers,1790.0,1770.0,5550180,1730.0,1780.0,100.0,116620.0
Ohio,Technical,17-2141,Mechanical Engineers,14390.0,16420.0,5550180,16480.0,17620.0,980.0,101320.0
Ohio,Technical,17-2199,"Engineers, All Other",7000.0,5970.0,5550180,5730.0,5680.0,310.0,121590.0
Ohio,Technical,17-3011,Architectural and Civil Drafters,2860.0,3260.0,5550180,3230.0,3320.0,280.0,64030.0
Ohio,Technical,17-3012,Electrical and Electronics Drafters,510.0,870.0,5550180,940.0,870.0,70.0,78270.0
Ohio,Technical,17-3013,Mechanical Drafters,1790.0,2130.0,5550180,2260.0,2060.0,170.0,71460.0
Ohio,Technical,17-3023,Electrical and Electronic Engineering Technologists and Technicians,3260.0,2030.0,5550180,2010.0,2030.0,180.0,69180.0
Ohio,Technical,17-3024,Electro-Mechanical and Mechatronics Technologists and Technicians,350.0,540.0,5550180,550.0,540.0,40.0,74620.0
Ohio,Technical,17-3027,Mechanical Engineering Technologists and Technicians,1800.0,1910.0,5550180,1930.0,1850.0,150.0,75150.0
Ohio,Technical,17-3031,Surveying and Mapping Technicians,1350.0,1380.0,5550180,1420.0,1450.0,180.0,60800.0
Ohio,Technical,49-1011,"First-Line Supervisors of Mechanics, Installers, and Repairers",19410.0,19620.0,5550180,19780.0,20120.0,1640.0,80750.0
Ohio,Technical,49-2094,"Electrical and Electronics Repairers, Commercial and Industrial Equipment",1510.0,2090.0,5550180,2080.0,2090.0,160.0,64340.0
Ohio,Technical,49-9021,"Heating, Air Conditioning, and Refrigeration Mechanics and Installers",14150.0,13570.0,5550180,14620.0,15690.0,1360.0,66000.0
Ohio,Technical,49-9041,Industrial Machinery Mechanics,21950.0,20180.0,5550180,20520.0,23880.0,2140.0,67900.0
Ohio,Technical,49-9044,Millwrights,1930.0,1920.0,5550180,1940.0,1890.0,160.0,71780.0
Ohio,Technical,49-9051,Electrical Power-Line Installers and Repairers,4260.0,4740.0,5550180,4770.0,5080.0,400.0,88330.0
Ohio,Technical,49-9081,Wind Turbine Service Technicians,120.0,80.0,5550180,100.0,160.0,20.0,71450.0
Ohio,Technical,51-1011,First-Line Supervisors of Production and Operating Workers,31980.0,31660.0,5550180,32030.0,31730.0,3000.0,73300.0
Ohio,Technical,51-4041,Machinists,17110.0,14110.0,5550180,14100.0,13790.0,1340.0,56670.0
Ohio,Technical,51-4111,Tool and Die Makers,5520.0,5460.0,5550180,5410.0,4640.0,430.0,63170.0
Ohio,Technical,51-4121,"Welders, Cutters, Solderers, and Brazers",20330.0,20110.0,5550180,21260.0,21260.0,2050.0,53370.0
Ohio,Technical,51-4193,"Plating Machine Setters, Operators, and Tenders, Metal and Plastic",1810.0,1640.0,5550180,1650.0,1420.0,130.0,48460.0
Ohio,Technical,51-8013,Power Plant Operators,730.0,630.0,5550180,620.0,550.0,50.0,98700.0
Ohio,Technical,51-9023,"Mixing and Blending Machine Setters, Operators, and Tenders",5230.0,5840.0,5550180,5800.0,5360.0,500.0,50790.0
Oklahoma,Digital,15-1211,Computer Systems Analysts,3710.0,3100.0,1707680,3230.0,3460.0,210.0,99090.0
Oklahoma,Digital,15-1212,Information Security Analysts,1640.0,1270.0,1707680,1290.0,1580.0,100.0,100810.0
Oklahoma,Digital,15-1221,Computer and Information Research Scientists,590.0,590.0,1707680,620.0,680.0,40.0,99480.0
Oklahoma,Digital,15-1241,Computer Network Architects,1320.0,1400.0,1707680,1380.0,1530.0,80.0,115160.0
Oklahoma,Digital,15-1242,Database Administrators,790.0,660.0,1707680,730.0,720.0,40.0,96840.0
Oklahoma,Digital,15-1243,Database Architects,860.0,730.0,1707680,730.0,840.0,50.0,127250.0
Oklahoma,Digital,15-1244,Network and Computer Systems Administrators,2580.0,2560.0,1707680,2790.0,2600.0,110.0,90900.0
Oklahoma,Digital,15-1251,Computer Programmers,990.0,1420.0,1707680,1500.0,1430.0,70.0,119380.0
Oklahoma,Digital,15-1252,Software Developers,6880.0,7150.0,1707680,7150.0,8020.0,450.0,118510.0
Oklahoma,Digital,15-1253,Software Quality Assurance Analysts and Testers,1620.0,1720.0,1707680,1630.0,1750.0,110.0,81720.0
Oklahoma,Digital,15-1254,Web Developers,410.0,380.0,1707680,460.0,480.0,30.0,80560.0
Oklahoma,Digital,15-1255,Web and Digital Interface Designers,340.0,360.0,1707680,460.0,470.0,30.0,78220.0
Oklahoma,Digital,15-2031,Operations Research Analysts,1840.0,1510.0,1707680,2250.0,2630.0,180.0,63770.0
Oklahoma,Digital,15-2041,Statisticians,50.0,40.0,1707680,50.0,60.0,0.0,97380.0
Oklahoma,Digital,15-2051,Data Scientists,1900.0,2160.0,1707680,2410.0,3250.0,230.0,94950.0
Oklahoma,Technical,17-1011,"Architects, Except Landscape and Naval",910.0,1040.0,1707680,1190.0,1230.0,70.0,106770.0
Oklahoma,Technical,17-1021,Cartographers and Photogrammetrists,70.0,50.0,1707680,50.0,60.0,0.0,89320.0
Oklahoma,Technical,17-1022,Surveyors,960.0,890.0,1707680,940.0,980.0,70.0,68290.0
Oklahoma,Technical,17-2011,Aerospace Engineers,1090.0,1550.0,1707680,1610.0,1670.0,100.0,120160.0
Oklahoma,Technical,17-2041,Chemical Engineers,110.0,190.0,1707680,200.0,200.0,10.0,135010.0
Oklahoma,Technical,17-2051,Civil Engineers,2180.0,2620.0,1707680,2680.0,2810.0,170.0,105570.0
Oklahoma,Technical,17-2061,Computer Hardware Engineers,180.0,120.0,1707680,120.0,120.0,10.0,108240.0
Oklahoma,Technical,17-2071,Electrical Engineers,2080.0,1850.0,1707680,1850.0,1940.0,110.0,118440.0
Oklahoma,Technical,17-2072,"Electronics Engineers, Except Computer",1410.0,1380.0,1707680,1430.0,1410.0,70.0,110350.0
Oklahoma,Technical,17-2112,Industrial Engineers,2170.0,2540.0,1707680,2520.0,2740.0,180.0,102810.0
Oklahoma,Technical,17-2131,Materials Engineers,240.0,230.0,1707680,220.0,230.0,10.0,101740.0
Oklahoma,Technical,17-2141,Mechanical Engineers,2270.0,2250.0,1707680,2280.0,2450.0,140.0,105410.0
Oklahoma,Technical,17-2199,"Engineers, All Other",860.0,1060.0,1707680,1100.0,1070.0,60.0,115900.0
Oklahoma,Technical,17-3011,Architectural and Civil Drafters,1260.0,1530.0,1707680,1540.0,1610.0,140.0,64410.0
Oklahoma,Technical,17-3012,Electrical and Electronics Drafters,290.0,350.0,1707680,370.0,350.0,30.0,71310.0
Oklahoma,Technical,17-3013,Mechanical Drafters,650.0,530.0,1707680,570.0,520.0,40.0,66330.0
Oklahoma,Technical,17-3023,Electrical and Electronic Engineering Technologists and Technicians,1170.0,1380.0,1707680,1380.0,1380.0,120.0,81880.0
Oklahoma,Technical,17-3024,Electro-Mechanical and Mechatronics Technologists and Technicians,140.0,70.0,1707680,80.0,70.0,10.0,65170.0
Oklahoma,Technical,17-3027,Mechanical Engineering Technologists and Technicians,490.0,260.0,1707680,260.0,250.0,20.0,68160.0
Oklahoma,Technical,17-3031,Surveying and Mapping Technicians,810.0,1180.0,1707680,1300.0,1370.0,170.0,50460.0
Oklahoma,Technical,49-1011,"First-Line Supervisors of Mechanics, Installers, and Repairers",10260.0,9410.0,1707680,9670.0,9930.0,820.0,81530.0
Oklahoma,Technical,49-2094,"Electrical and Electronics Repairers, Commercial and Industrial Equipment",800.0,840.0,1707680,860.0,820.0,60.0,75990.0
Oklahoma,Technical,49-9021,"Heating, Air Conditioning, and Refrigeration Mechanics and Installers",5650.0,4820.0,1707680,5140.0,5560.0,480.0,57640.0
Oklahoma,Technical,49-9041,Industrial Machinery Mechanics,6250.0,6240.0,1707680,6460.0,7320.0,650.0,65480.0
Oklahoma,Technical,49-9044,Millwrights,510.0,210.0,1707680,220.0,220.0,20.0,55960.0
Oklahoma,Technical,49-9051,Electrical Power-Line Installers and Repairers,3290.0,2900.0,1707680,3010.0,3180.0,250.0,78360.0
Oklahoma,Technical,49-9081,Wind Turbine Service Technicians,340.0,300.0,1707680,350.0,560.0,60.0,61270.0
Oklahoma,Technical,51-1011,First-Line Supervisors of Production and Operating Workers,9570.0,9910.0,1707680,10090.0,10180.0,970.0,74690.0
Oklahoma,Technical,51-4041,Machinists,4230.0,4020.0,1707680,4050.0,4020.0,390.0,53450.0
Oklahoma,Technical,51-4111,Tool and Die Makers,330.0,340.0,1707680,330.0,310.0,30.0,60820.0
Oklahoma,Technical,51-4121,"Welders, Cutters, Solderers, and Brazers",9960.0,9780.0,1707680,10520.0,10660.0,1040.0,52860.0
Oklahoma,Technical,51-4193,"Plating Machine Setters, Operators, and Tenders, Metal and Plastic",180.0,170.0,1707680,170.0,150.0,10.0,51950.0
Oklahoma,Technical,51-8013,Power Plant Operators,520.0,600.0,1707680,620.0,550.0,50.0,85480.0
Oklahoma,Technical,51-9023,"Mixing and Blending Machine Setters, Operators, and Tenders",960.0,1240.0,1707680,1220.0,1120.0,100.0,48890.0
Oregon,Digital,15-1211,Computer Systems Analysts,5640.0,5030.0,1967130,5190.0,5590.0,330.0,123690.0
Oregon,Digital,15-1212,Information Security Analysts,2250.0,1370.0,1967130,1370.0,1730.0,120.0,
Oregon,Digital,15-1221,Computer and Information Research Scientists,730.0,660.0,1967130,660.0,780.0,50.0,215420.0
Oregon,Digital,15-1241,Computer Network Architects,1540.0,1210.0,1967130,1210.0,1330.0,70.0,135470.0
Oregon,Digital,15-1242,Database Administrators,1060.0,930.0,1967130,960.0,960.0,50.0,101250.0
Oregon,Digital,15-1243,Database Architects,730.0,710.0,1967130,710.0,790.0,40.0,140710.0
Oregon,Digital,15-1244,Network and Computer Systems Administrators,4880.0,4120.0,1967130,4410.0,4270.0,200.0,104620.0
Oregon,Digital,15-1251,Computer Programmers,1370.0,1180.0,1967130,1290.0,1180.0,50.0,110390.0
Oregon,Digital,15-1252,Software Developers,21830.0,21100.0,1967130,21350.0,24360.0,1410.0,149060.0
Oregon,Digital,15-1253,Software Quality Assurance Analysts and Testers,1840.0,3010.0,1967130,2990.0,3250.0,200.0,115840.0
Oregon,Digital,15-1254,Web Developers,1140.0,1080.0,1967130,1140.0,1240.0,80.0,77140.0
Oregon,Digital,15-1255,Web and Digital Interface Designers,1230.0,1350.0,1967130,1480.0,1590.0,100.0,115280.0
Oregon,Digital,15-2031,Operations Research Analysts,2710.0,2590.0,1967130,2620.0,3200.0,220.0,103980.0
Oregon,Digital,15-2041,Statisticians,600.0,610.0,1967130,610.0,700.0,40.0,93720.0
Oregon,Digital,15-2051,Data Scientists,2140.0,2650.0,1967130,2760.0,3650.0,260.0,131300.0
Oregon,Technical,17-1011,"Architects, Except Landscape and Naval",2050.0,2130.0,1967130,2340.0,2620.0,170.0,100940.0
Oregon,Technical,17-1021,Cartographers and Photogrammetrists,640.0,600.0,1967130,620.0,710.0,50.0,90590.0
Oregon,Technical,17-1022,Surveyors,530.0,580.0,1967130,640.0,750.0,60.0,96920.0
Oregon,Technical,17-2011,Aerospace Engineers,250.0,240.0,1967130,240.0,270.0,20.0,130080.0
Oregon,Technical,17-2041,Chemical Engineers,140.0,210.0,1967130,220.0,250.0,20.0,121660.0
Oregon,Technical,17-2051,Civil Engineers,4890.0,4140.0,1967130,4150.0,4820.0,320.0,116160.0
Oregon,Technical,17-2071,Electrical Engineers,2540.0,3030.0,1967130,2990.0,3380.0,200.0,124140.0
Oregon,Technical,17-2072,"Electronics Engineers, Except Computer",1730.0,1170.0,1967130,1170.0,1220.0,70.0,137830.0
Oregon,Technical,17-2112,Industrial Engineers,5810.0,5950.0,1967130,5930.0,6760.0,450.0,133700.0
Oregon,Technical,17-2131,Materials Engineers,120.0,90.0,1967130,80.0,90.0,10.0,123400.0
Oregon,Technical,17-2141,Mechanical Engineers,2920.0,3080.0,1967130,3100.0,3640.0,220.0,115090.0
Oregon,Technical,17-2199,"Engineers, All Other",2030.0,2540.0,1967130,2550.0,2840.0,180.0,126880.0
Oregon,Technical,17-3011,Architectural and Civil Drafters,1490.0,1440.0,1967130,1440.0,1730.0,160.0,74430.0
Oregon,Technical,17-3012,Electrical and Electronics Drafters,330.0,280.0,1967130,300.0,300.0,30.0,82030.0
Oregon,Technical,17-3013,Mechanical Drafters,410.0,470.0,1967130,500.0,500.0,40.0,80870.0
Oregon,Technical,17-3023,Electrical and Electronic Engineering Technologists and Technicians,1920.0,2320.0,1967130,2310.0,2330.0,210.0,79180.0
Oregon,Technical,17-3024,Electro-Mechanical and Mechatronics Technologists and Technicians,160.0,270.0,1967130,260.0,280.0,20.0,63670.0
Oregon,Technical,17-3027,Mechanical Engineering Technologists and Technicians,260.0,310.0,1967130,310.0,330.0,30.0,78990.0
Oregon,Technical,17-3031,Surveying and Mapping Technicians,1280.0,650.0,1967130,660.0,780.0,100.0,58120.0
Oregon,Technical,49-1011,"First-Line Supervisors of Mechanics, Installers, and Repairers",7120.0,7190.0,1967130,7420.0,7850.0,660.0,92300.0
Oregon,Technical,49-2094,"Electrical and Electronics Repairers, Commercial and Industrial Equipment",840.0,540.0,1967130,530.0,500.0,40.0,90380.0
Oregon,Technical,49-9021,"Heating, Air Conditioning, and Refrigeration Mechanics and Installers",3980.0,3690.0,1967130,3890.0,4460.0,400.0,68430.0
Oregon,Technical,49-9041,Industrial Machinery Mechanics,7070.0,6490.0,1967130,7060.0,8200.0,740.0,76810.0
Oregon,Technical,49-9044,Millwrights,460.0,440.0,1967130,440.0,450.0,40.0,74390.0
Oregon,Technical,49-9051,Electrical Power-Line Installers and Repairers,1640.0,1300.0,1967130,1310.0,1430.0,110.0,123490.0
Oregon,Technical,49-9081,Wind Turbine Service Technicians,150.0,140.0,1967130,190.0,270.0,30.0,61740.0
Oregon,Technical,51-1011,First-Line Supervisors of Production and Operating Workers,8180.0,9030.0,1967130,9190.0,9520.0,920.0,75270.0
Oregon,Technical,51-4041,Machinists,2760.0,3220.0,1967130,3270.0,3530.0,360.0,65590.0
Oregon,Technical,51-4111,Tool and Die Makers,300.0,370.0,1967130,380.0,370.0,40.0,73660.0
Oregon,Technical,51-4121,"Welders, Cutters, Solderers, and Brazers",5240.0,4870.0,1967130,5470.0,5880.0,590.0,60390.0
Oregon,Technical,51-4193,"Plating Machine Setters, Operators, and Tenders, Metal and Plastic",310.0,270.0,1967130,270.0,260.0,20.0,51420.0
Oregon,Technical,51-8013,Power Plant Operators,250.0,200.0,1967130,200.0,180.0,20.0,113120.0
Oregon,Technical,51-9023,"Mixing and Blending Machine Setters, Operators, and Tenders",1090.0,1010.0,1967130,1010.0,950.0,90.0,54620.0
Oregon,Technical,51-9141,Semiconductor Processing Technicians,6620.0,7080.0,1967130,7030.0,7150.0,770.0,67640.0
Pennsylvania,Digital,15-1211,Computer Systems Analysts,19450.0,15400.0,6064600,18960.0,20420.0,1220.0,99630.0
Pennsylvania,Digital,15-1212,Information Security Analysts,4660.0,4420.0,6064600,4310.0,5440.0,360.0,119570.0
Pennsylvania,Digital,15-1221,Computer and Information Research Scientists,330.0,400.0,6064600,660.0,760.0,50.0,131430.0
Pennsylvania,Digital,15-1241,Computer Network Architects,6080.0,5470.0,6064600,5690.0,6280.0,340.0,136290.0
Pennsylvania,Digital,15-1242,Database Administrators,2450.0,5000.0,6064600,3140.0,3080.0,150.0,104210.0
Pennsylvania,Digital,15-1243,Database Architects,2840.0,2240.0,6064600,2360.0,2530.0,140.0,
Pennsylvania,Digital,15-1244,Network and Computer Systems Administrators,7750.0,8580.0,6064600,9600.0,9160.0,410.0,92250.0
Pennsylvania,Digital,15-1251,Computer Programmers,3120.0,4130.0,6064600,4650.0,4370.0,210.0,95820.0
Pennsylvania,Digital,15-1252,Software Developers,55920.0,47350.0,6064600,50960.0,58190.0,3360.0,128110.0
Pennsylvania,Digital,15-1253,Software Quality Assurance Analysts and Testers,4530.0,5690.0,6064600,6050.0,6580.0,410.0,93710.0
Pennsylvania,Digital,15-1254,Web Developers,1670.0,2500.0,6064600,2760.0,2930.0,170.0,87440.0
Pennsylvania,Digital,15-1255,Web and Digital Interface Designers,2820.0,4080.0,6064600,3850.0,4060.0,260.0,102150.0
Pennsylvania,Digital,15-2031,Operations Research Analysts,3220.0,3030.0,6064600,3150.0,3830.0,270.0,88210.0
Pennsylvania,Digital,15-2041,Statisticians,1630.0,2190.0,6064600,2450.0,2670.0,160.0,104240.0
Pennsylvania,Digital,15-2051,Data Scientists,13810.0,10430.0,6064600,6950.0,9180.0,650.0,110810.0
Pennsylvania,Technical,17-1011,"Architects, Except Landscape and Naval",3760.0,4140.0,6064600,4870.0,5010.0,300.0,98700.0
Pennsylvania,Technical,17-1021,Cartographers and Photogrammetrists,140.0,90.0,6064600,110.0,120.0,10.0,75390.0
Pennsylvania,Technical,17-1022,Surveyors,1610.0,1360.0,6064600,1480.0,1530.0,100.0,80270.0
Pennsylvania,Technical,17-2011,Aerospace Engineers,990.0,820.0,6064600,820.0,890.0,50.0,135340.0
Pennsylvania,Technical,17-2041,Chemical Engineers,810.0,970.0,6064600,1070.0,1090.0,50.0,127520.0
Pennsylvania,Technical,17-2051,Civil Engineers,15870.0,14610.0,6064600,14420.0,15010.0,900.0,100750.0
Pennsylvania,Technical,17-2061,Computer Hardware Engineers,1610.0,940.0,6064600,1080.0,1150.0,70.0,
Pennsylvania,Technical,17-2071,Electrical Engineers,6970.0,7660.0,6064600,7700.0,8250.0,470.0,118310.0
Pennsylvania,Technical,17-2072,"Electronics Engineers, Except Computer",1440.0,1380.0,6064600,2090.0,2210.0,120.0,122670.0
Pennsylvania,Technical,17-2112,Industrial Engineers,13180.0,12550.0,6064600,13000.0,14530.0,950.0,103930.0
Pennsylvania,Technical,17-2131,Materials Engineers,720.0,780.0,6064600,850.0,900.0,50.0,106560.0
Pennsylvania,Technical,17-2141,Mechanical Engineers,13550.0,14300.0,6064600,14630.0,16070.0,920.0,103740.0
Pennsylvania,Technical,17-2199,"Engineers, All Other",3250.0,4710.0,6064600,5440.0,5600.0,320.0,112350.0
Pennsylvania,Technical,17-3011,Architectural and Civil Drafters,5370.0,5230.0,6064600,5520.0,5680.0,490.0,69080.0
Pennsylvania,Technical,17-3012,Electrical and Electronics Drafters,500.0,620.0,6064600,670.0,630.0,50.0,76750.0
Pennsylvania,Technical,17-3013,Mechanical Drafters,2330.0,2070.0,6064600,2230.0,2090.0,170.0,70250.0
Pennsylvania,Technical,17-3023,Electrical and Electronic Engineering Technologists and Technicians,3470.0,3610.0,6064600,3250.0,3250.0,290.0,75470.0
Pennsylvania,Technical,17-3024,Electro-Mechanical and Mechatronics Technologists and Technicians,650.0,830.0,6064600,880.0,890.0,70.0,73330.0
Pennsylvania,Technical,17-3027,Mechanical Engineering Technologists and Technicians,1620.0,2100.0,6064600,2360.0,2420.0,200.0,73860.0
Pennsylvania,Technical,17-3031,Surveying and Mapping Technicians,1340.0,1560.0,6064600,1380.0,1430.0,180.0,58840.0
Pennsylvania,Technical,49-1011,"First-Line Supervisors of Mechanics, Installers, and Repairers",20220.0,21750.0,6064600,23340.0,24020.0,1980.0,82790.0
Pennsylvania,Technical,49-2094,"Electrical and Electronics Repairers, Commercial and Industrial Equipment",2710.0,2860.0,6064600,2300.0,2290.0,180.0,67450.0
Pennsylvania,Technical,49-9021,"Heating, Air Conditioning, and Refrigeration Mechanics and Installers",15880.0,16930.0,6064600,17890.0,19030.0,1640.0,64880.0
Pennsylvania,Technical,49-9041,Industrial Machinery Mechanics,22160.0,18500.0,6064600,19470.0,22910.0,2070.0,66700.0
Pennsylvania,Technical,49-9044,Millwrights,1700.0,1570.0,6064600,1560.0,1620.0,150.0,70990.0
Pennsylvania,Technical,49-9051,Electrical Power-Line Installers and Repairers,4150.0,3910.0,6064600,3990.0,4290.0,340.0,101970.0
Pennsylvania,Technical,49-9081,Wind Turbine Service Technicians,50.0,50.0,6064600,140.0,160.0,20.0,67400.0
Pennsylvania,Technical,51-1011,First-Line Supervisors of Production and Operating Workers,28900.0,28880.0,6064600,29870.0,30610.0,2950.0,75250.0
Pennsylvania,Technical,51-4041,Machinists,12380.0,15060.0,6064600,14810.0,15170.0,1510.0,57080.0
Pennsylvania,Technical,51-4111,Tool and Die Makers,3380.0,2910.0,6064600,2920.0,2760.0,270.0,61690.0
Pennsylvania,Technical,51-4121,"Welders, Cutters, Solderers, and Brazers",17850.0,16060.0,6064600,17620.0,18270.0,1800.0,56300.0
Pennsylvania,Technical,51-4193,"Plating Machine Setters, Operators, and Tenders, Metal and Plastic",1740.0,1260.0,6064600,1270.0,1150.0,110.0,47190.0
Pennsylvania,Technical,51-8013,Power Plant Operators,1010.0,1380.0,6064600,1410.0,1240.0,110.0,96280.0
Pennsylvania,Technical,51-9023,"Mixing and Blending Machine Setters, Operators, and Tenders",4380.0,4930.0,6064600,4540.0,4240.0,400.0,53400.0
Pennsylvania,Technical,51-9141,Semiconductor Processing Technicians,340.0,300.0,6064600,280.0,300.0,30.0,47920.0
Rhode Island,Digital,15-1211,Computer Systems Analysts,1850.0,1560.0,501340,1580.0,1640.0,100.0,124340.0
Rhode Island,Digital,15-1212,Information Security Analysts,710.0,880.0,501340,830.0,980.0,60.0,121640.0
Rhode Island,Digital,15-1221,Computer and Information Research Scientists,500.0,490.0,501340,410.0,470.0,30.0,127470.0
Rhode Island,Digital,15-1241,Computer Network Architects,460.0,560.0,501340,510.0,530.0,30.0,131220.0
Rhode Island,Digital,15-1242,Database Administrators,280.0,320.0,501340,310.0,290.0,10.0,105860.0
Rhode Island,Digital,15-1243,Database Architects,160.0,190.0,501340,180.0,170.0,10.0,145930.0
Rhode Island,Digital,15-1244,Network and Computer Systems Administrators,1060.0,1370.0,501340,1340.0,1210.0,50.0,108040.0
Rhode Island,Digital,15-1251,Computer Programmers,250.0,360.0,501340,380.0,330.0,20.0,105300.0
Rhode Island,Digital,15-1252,Software Developers,5070.0,6010.0,501340,5980.0,6750.0,380.0,129080.0
Rhode Island,Digital,15-1253,Software Quality Assurance Analysts and Testers,400.0,440.0,501340,440.0,470.0,30.0,108720.0
Rhode Island,Digital,15-1254,Web Developers,,,501340,620.0,670.0,40.0,102540.0
Rhode Island,Digital,15-1255,Web and Digital Interface Designers,240.0,350.0,501340,390.0,410.0,30.0,109360.0
Rhode Island,Digital,15-2031,Operations Research Analysts,360.0,270.0,501340,270.0,320.0,20.0,92390.0
Rhode Island,Digital,15-2041,Statisticians,40.0,50.0,501340,50.0,50.0,0.0,96710.0
Rhode Island,Digital,15-2051,Data Scientists,1160.0,1190.0,501340,1160.0,1450.0,100.0,111260.0
Rhode Island,Technical,17-1011,"Architects, Except Landscape and Naval",550.0,410.0,501340,480.0,500.0,30.0,110140.0
Rhode Island,Technical,17-1022,Surveyors,150.0,130.0,501340,140.0,150.0,10.0,69750.0
Rhode Island,Technical,17-2041,Chemical Engineers,50.0,40.0,501340,40.0,40.0,0.0,115030.0
Rhode Island,Technical,17-2051,Civil Engineers,1270.0,1200.0,501340,1230.0,1300.0,80.0,110560.0
Rhode Island,Technical,17-2061,Computer Hardware Engineers,390.0,460.0,501340,420.0,400.0,20.0,123300.0
Rhode Island,Technical,17-2071,Electrical Engineers,670.0,660.0,501340,660.0,690.0,40.0,
Rhode Island,Technical,17-2072,"Electronics Engineers, Except Computer",970.0,930.0,501340,810.0,840.0,50.0,139930.0
Rhode Island,Technical,17-2112,Industrial Engineers,990.0,880.0,501340,910.0,960.0,60.0,115040.0
Rhode Island,Technical,17-2131,Materials Engineers,50.0,40.0,501340,40.0,60.0,0.0,98270.0
Rhode Island,Technical,17-2141,Mechanical Engineers,1560.0,1400.0,501340,1340.0,1440.0,80.0,124290.0
Rhode Island,Technical,17-2199,"Engineers, All Other",380.0,390.0,501340,390.0,400.0,20.0,128610.0
Rhode Island,Technical,17-3011,Architectural and Civil Drafters,240.0,240.0,501340,240.0,250.0,20.0,73900.0
Rhode Island,Technical,17-3013,Mechanical Drafters,100.0,90.0,501340,100.0,90.0,10.0,70850.0
Rhode Island,Technical,17-3023,Electrical and Electronic Engineering Technologists and Technicians,290.0,290.0,501340,270.0,260.0,20.0,93610.0
Rhode Island,Technical,17-3027,Mechanical Engineering Technologists and Technicians,30.0,30.0,501340,60.0,70.0,10.0,94080.0
Rhode Island,Technical,17-3031,Surveying and Mapping Technicians,110.0,90.0,501340,90.0,100.0,10.0,66230.0
Rhode Island,Technical,49-1011,"First-Line Supervisors of Mechanics, Installers, and Repairers",1460.0,1640.0,501340,1660.0,1730.0,140.0,84690.0
Rhode Island,Technical,49-2094,"Electrical and Electronics Repairers, Commercial and Industrial Equipment",200.0,,501340,180.0,180.0,10.0,76860.0
Rhode Island,Technical,49-9021,"Heating, Air Conditioning, and Refrigeration Mechanics and Installers",1450.0,1320.0,501340,1420.0,1600.0,140.0,69780.0
Rhode Island,Technical,49-9041,Industrial Machinery Mechanics,1070.0,1020.0,501340,1430.0,1850.0,180.0,65870.0
Rhode Island,Technical,49-9051,Electrical Power-Line Installers and Repairers,120.0,210.0,501340,220.0,240.0,20.0,103110.0
Rhode Island,Technical,51-1011,First-Line Supervisors of Production and Operating Workers,2660.0,2450.0,501340,2800.0,3090.0,310.0,85280.0
Rhode Island,Technical,51-4041,Machinists,860.0,860.0,501340,890.0,910.0,90.0,60230.0
Rhode Island,Technical,51-4111,Tool and Die Makers,260.0,240.0,501340,230.0,200.0,20.0,65410.0
Rhode Island,Technical,51-4121,"Welders, Cutters, Solderers, and Brazers",2300.0,2350.0,501340,3910.0,4980.0,540.0,58180.0
Rhode Island,Technical,51-4193,"Plating Machine Setters, Operators, and Tenders, Metal and Plastic",450.0,300.0,501340,300.0,260.0,20.0,43700.0
Rhode Island,Technical,51-8013,Power Plant Operators,50.0,60.0,501340,60.0,50.0,0.0,102280.0
Rhode Island,Technical,51-9023,"Mixing and Blending Machine Setters, Operators, and Tenders",190.0,220.0,501340,200.0,170.0,20.0,47010.0
South Carolina,Digital,15-1211,Computer Systems Analysts,7700.0,7290.0,2305080,7470.0,8420.0,530.0,101100.0
South Carolina,Digital,15-1212,Information Security Analysts,1720.0,1470.0,2305080,1530.0,2050.0,140.0,115090.0
South Carolina,Digital,15-1221,Computer and Information Research Scientists,430.0,440.0,2305080,480.0,540.0,30.0,122950.0
South Carolina,Digital,15-1241,Computer Network Architects,1950.0,1380.0,2305080,1350.0,1570.0,90.0,136370.0
South Carolina,Digital,15-1242,Database Administrators,990.0,660.0,2305080,720.0,740.0,40.0,98670.0
South Carolina,Digital,15-1243,Database Architects,1160.0,730.0,2305080,720.0,810.0,50.0,133300.0
South Carolina,Digital,15-1244,Network and Computer Systems Administrators,3580.0,3520.0,2305080,3660.0,3660.0,180.0,101190.0
South Carolina,Digital,15-1251,Computer Programmers,790.0,880.0,2305080,930.0,910.0,50.0,100720.0
South Carolina,Digital,15-1252,Software Developers,13230.0,12230.0,2305080,11970.0,14340.0,870.0,136240.0
South Carolina,Digital,15-1253,Software Quality Assurance Analysts and Testers,1740.0,1320.0,2305080,1280.0,1440.0,90.0,96910.0
South Carolina,Digital,15-1254,Web Developers,710.0,660.0,2305080,750.0,820.0,50.0,85160.0
South Carolina,Digital,15-1255,Web and Digital Interface Designers,800.0,470.0,2305080,540.0,630.0,40.0,94750.0
South Carolina,Digital,15-2031,Operations Research Analysts,1380.0,1210.0,2305080,1190.0,1530.0,110.0,87170.0
South Carolina,Digital,15-2041,Statisticians,240.0,310.0,2305080,340.0,380.0,20.0,75540.0
South Carolina,Digital,15-2051,Data Scientists,3750.0,2810.0,2305080,2830.0,3930.0,290.0,102830.0
South Carolina,Technical,17-1011,"Architects, Except Landscape and Naval",1030.0,1000.0,2305080,1060.0,1160.0,80.0,103670.0
South Carolina,Technical,17-1021,Cartographers and Photogrammetrists,150.0,110.0,2305080,120.0,130.0,10.0,74740.0
South Carolina,Technical,17-1022,Surveyors,1000.0,870.0,2305080,950.0,1050.0,70.0,70580.0
South Carolina,Technical,17-2011,Aerospace Engineers,650.0,450.0,2305080,480.0,600.0,40.0,131390.0
South Carolina,Technical,17-2041,Chemical Engineers,390.0,290.0,2305080,320.0,350.0,20.0,106920.0
South Carolina,Technical,17-2051,Civil Engineers,7180.0,7460.0,2305080,9060.0,9890.0,630.0,107000.0
South Carolina,Technical,17-2061,Computer Hardware Engineers,690.0,510.0,2305080,540.0,590.0,40.0,124320.0
South Carolina,Technical,17-2071,Electrical Engineers,3490.0,2450.0,2305080,2690.0,3080.0,190.0,104580.0
South Carolina,Technical,17-2072,"Electronics Engineers, Except Computer",1030.0,890.0,2305080,910.0,980.0,60.0,117570.0
South Carolina,Technical,17-2112,Industrial Engineers,7960.0,7270.0,2305080,7420.0,8970.0,630.0,104740.0
South Carolina,Technical,17-2131,Materials Engineers,600.0,440.0,2305080,470.0,570.0,40.0,116020.0
South Carolina,Technical,17-2141,Mechanical Engineers,5780.0,5060.0,2305080,5310.0,6240.0,380.0,113690.0
South Carolina,Technical,17-2199,"Engineers, All Other",1280.0,1430.0,2305080,1610.0,1740.0,110.0,119130.0
South Carolina,Technical,17-3011,Architectural and Civil Drafters,1170.0,1610.0,2305080,1740.0,1910.0,170.0,68320.0
South Carolina,Technical,17-3012,Electrical and Electronics Drafters,290.0,340.0,2305080,410.0,420.0,40.0,74920.0
South Carolina,Technical,17-3013,Mechanical Drafters,640.0,,2305080,,,,72080.0
South Carolina,Technical,17-3023,Electrical and Electronic Engineering Technologists and Technicians,2060.0,1880.0,2305080,2220.0,2420.0,220.0,75840.0
South Carolina,Technical,17-3024,Electro-Mechanical and Mechatronics Technologists and Technicians,270.0,270.0,2305080,270.0,300.0,30.0,70430.0
South Carolina,Technical,17-3027,Mechanical Engineering Technologists and Technicians,1290.0,910.0,2305080,940.0,1010.0,90.0,72340.0
South Carolina,Technical,17-3031,Surveying and Mapping Technicians,1420.0,1270.0,2305080,1250.0,1380.0,170.0,47720.0
South Carolina,Technical,49-1011,"First-Line Supervisors of Mechanics, Installers, and Repairers",10140.0,9060.0,2305080,9460.0,10280.0,880.0,78430.0
South Carolina,Technical,49-2094,"Electrical and Electronics Repairers, Commercial and Industrial Equipment",1130.0,1230.0,2305080,1240.0,1330.0,110.0,74180.0
South Carolina,Technical,49-9021,"Heating, Air Conditioning, and Refrigeration Mechanics and Installers",6920.0,6370.0,2305080,7590.0,8340.0,740.0,56460.0
South Carolina,Technical,49-9041,Industrial Machinery Mechanics,9890.0,9520.0,2305080,9420.0,11940.0,1120.0,64280.0
South Carolina,Technical,49-9044,Millwrights,950.0,840.0,2305080,850.0,860.0,80.0,61080.0
South Carolina,Technical,49-9051,Electrical Power-Line Installers and Repairers,2690.0,2290.0,2305080,2650.0,2980.0,240.0,75390.0
South Carolina,Technical,51-1011,First-Line Supervisors of Production and Operating Workers,14570.0,13540.0,2305080,13840.0,15020.0,1490.0,78250.0
South Carolina,Technical,51-4041,Machinists,3790.0,4530.0,2305080,4920.0,5440.0,560.0,57030.0
South Carolina,Technical,51-4111,Tool and Die Makers,870.0,720.0,2305080,710.0,720.0,70.0,65260.0
South Carolina,Technical,51-4121,"Welders, Cutters, Solderers, and Brazers",7380.0,7600.0,2305080,7960.0,8930.0,910.0,52120.0
South Carolina,Technical,51-4193,"Plating Machine Setters, Operators, and Tenders, Metal and Plastic",470.0,580.0,2305080,560.0,550.0,50.0,45210.0
South Carolina,Technical,51-8013,Power Plant Operators,680.0,850.0,2305080,970.0,880.0,80.0,80990.0
South Carolina,Technical,51-9023,"Mixing and Blending Machine Setters, Operators, and Tenders",2560.0,2860.0,2305080,3020.0,3010.0,290.0,49310.0
South Dakota,Digital,15-1211,Computer Systems Analysts,1110.0,1050.0,457380,1130.0,1270.0,80.0,106040.0
South Dakota,Digital,15-1212,Information Security Analysts,770.0,430.0,457380,360.0,480.0,30.0,120750.0
South Dakota,Digital,15-1241,Computer Network Architects,420.0,580.0,457380,560.0,670.0,40.0,151620.0
South Dakota,Digital,15-1242,Database Administrators,170.0,150.0,457380,150.0,150.0,10.0,86260.0
South Dakota,Digital,15-1243,Database Architects,40.0,60.0,457380,60.0,70.0,0.0,124430.0
South Dakota,Digital,15-1244,Network and Computer Systems Administrators,1690.0,1710.0,457380,1770.0,1740.0,80.0,78680.0
South Dakota,Digital,15-1251,Computer Programmers,70.0,70.0,457380,150.0,140.0,10.0,67940.0
South Dakota,Digital,15-1252,Software Developers,2380.0,2190.0,457380,2170.0,2580.0,160.0,104790.0
South Dakota,Digital,15-1253,Software Quality Assurance Analysts and Testers,220.0,350.0,457380,340.0,380.0,20.0,73260.0
South Dakota,Digital,15-1254,Web Developers,390.0,290.0,457380,310.0,350.0,20.0,53950.0
South Dakota,Digital,15-2051,Data Scientists,220.0,270.0,457380,280.0,390.0,30.0,102450.0
South Dakota,Technical,17-1011,"Architects, Except Landscape and Naval",180.0,180.0,457380,210.0,240.0,20.0,105360.0
South Dakota,Technical,17-1021,Cartographers and Photogrammetrists,140.0,170.0,457380,100.0,110.0,10.0,71660.0
South Dakota,Technical,17-1022,Surveyors,180.0,170.0,457380,170.0,190.0,10.0,86630.0
South Dakota,Technical,17-2051,Civil Engineers,1440.0,1270.0,457380,1120.0,1250.0,80.0,99500.0
South Dakota,Technical,17-2061,Computer Hardware Engineers,160.0,,457380,,,,110880.0
South Dakota,Technical,17-2071,Electrical Engineers,530.0,440.0,457380,440.0,500.0,30.0,102770.0
South Dakota,Technical,17-2072,"Electronics Engineers, Except Computer",190.0,140.0,457380,210.0,230.0,10.0,98210.0
South Dakota,Technical,17-2112,Industrial Engineers,830.0,770.0,457380,770.0,910.0,60.0,97100.0
South Dakota,Technical,17-2141,Mechanical Engineers,560.0,680.0,457380,740.0,860.0,50.0,95080.0
South Dakota,Technical,17-2199,"Engineers, All Other",110.0,220.0,457380,330.0,350.0,20.0,115630.0
South Dakota,Technical,17-3011,Architectural and Civil Drafters,460.0,440.0,457380,430.0,480.0,40.0,55530.0
South Dakota,Technical,17-3012,Electrical and Electronics Drafters,40.0,30.0,457380,40.0,40.0,0.0,55670.0
South Dakota,Technical,17-3013,Mechanical Drafters,100.0,110.0,457380,120.0,110.0,10.0,56030.0
South Dakota,Technical,17-3023,Electrical and Electronic Engineering Technologists and Technicians,200.0,230.0,457380,270.0,280.0,20.0,61250.0
South Dakota,Technical,17-3027,Mechanical Engineering Technologists and Technicians,110.0,190.0,457380,200.0,210.0,20.0,57580.0
South Dakota,Technical,17-3031,Surveying and Mapping Technicians,110.0,100.0,457380,130.0,140.0,20.0,52260.0
South Dakota,Technical,49-1011,"First-Line Supervisors of Mechanics, Installers, and Repairers",1750.0,1660.0,457380,1670.0,1810.0,160.0,82680.0
South Dakota,Technical,49-2094,"Electrical and Electronics Repairers, Commercial and Industrial Equipment",470.0,430.0,457380,440.0,460.0,40.0,67940.0
South Dakota,Technical,49-9021,"Heating, Air Conditioning, and Refrigeration Mechanics and Installers",1610.0,1130.0,457380,1210.0,1370.0,120.0,61100.0
South Dakota,Technical,49-9041,Industrial Machinery Mechanics,1230.0,1270.0,457380,1270.0,1620.0,150.0,62610.0
South Dakota,Technical,49-9044,Millwrights,240.0,170.0,457380,180.0,180.0,20.0,61230.0
South Dakota,Technical,49-9051,Electrical Power-Line Installers and Repairers,740.0,810.0,457380,740.0,800.0,60.0,94900.0
South Dakota,Technical,49-9081,Wind Turbine Service Technicians,180.0,190.0,457380,230.0,360.0,40.0,67700.0
South Dakota,Technical,51-1011,First-Line Supervisors of Production and Operating Workers,1930.0,1900.0,457380,1920.0,2090.0,210.0,73610.0
South Dakota,Technical,51-4041,Machinists,830.0,580.0,457380,620.0,690.0,70.0,51860.0
South Dakota,Technical,51-4111,Tool and Die Makers,60.0,100.0,457380,110.0,110.0,10.0,58480.0
South Dakota,Technical,51-4121,"Welders, Cutters, Solderers, and Brazers",3250.0,3480.0,457380,3780.0,4160.0,420.0,51980.0
South Dakota,Technical,51-9023,"Mixing and Blending Machine Setters, Operators, and Tenders",510.0,380.0,457380,490.0,490.0,50.0,46830.0
Tennessee,Digital,15-1211,Computer Systems Analysts,10220.0,9820.0,3278760,8520.0,9590.0,600.0,98280.0
Tennessee,Digital,15-1212,Information Security Analysts,3330.0,2730.0,3278760,2800.0,3620.0,250.0,130320.0
Tennessee,Digital,15-1221,Computer and Information Research Scientists,,,3278760,80.0,100.0,10.0,116810.0
Tennessee,Digital,15-1241,Computer Network Architects,4330.0,4320.0,3278760,3940.0,4640.0,280.0,127270.0
Tennessee,Digital,15-1242,Database Administrators,2020.0,1440.0,3278760,1710.0,1800.0,100.0,109570.0
Tennessee,Digital,15-1243,Database Architects,650.0,680.0,3278760,550.0,630.0,40.0,117980.0
Tennessee,Digital,15-1244,Network and Computer Systems Administrators,5070.0,5830.0,3278760,5010.0,5010.0,240.0,93150.0
Tennessee,Digital,15-1251,Computer Programmers,920.0,1300.0,3278760,1620.0,1740.0,100.0,
Tennessee,Digital,15-1252,Software Developers,19030.0,18750.0,3278760,16450.0,19710.0,1200.0,120560.0
Tennessee,Digital,15-1253,Software Quality Assurance Analysts and Testers,1530.0,2290.0,3278760,2350.0,3070.0,230.0,92170.0
Tennessee,Digital,15-1254,Web Developers,1620.0,1390.0,3278760,1770.0,1980.0,120.0,84720.0
Tennessee,Digital,15-1255,Web and Digital Interface Designers,3610.0,3470.0,3278760,1970.0,2180.0,150.0,66090.0
Tennessee,Digital,15-2031,Operations Research Analysts,1200.0,1240.0,3278760,1560.0,1930.0,140.0,80330.0
Tennessee,Digital,15-2041,Statisticians,530.0,800.0,3278760,1000.0,1100.0,60.0,105050.0
Tennessee,Digital,15-2051,Data Scientists,2790.0,2550.0,3278760,2100.0,2920.0,220.0,105200.0
Tennessee,Technical,17-1011,"Architects, Except Landscape and Naval",2570.0,2190.0,3278760,2430.0,2690.0,170.0,98970.0
Tennessee,Technical,17-1021,Cartographers and Photogrammetrists,150.0,150.0,3278760,160.0,180.0,10.0,76740.0
Tennessee,Technical,17-1022,Surveyors,920.0,800.0,3278760,1000.0,1120.0,80.0,79090.0
Tennessee,Technical,17-2011,Aerospace Engineers,610.0,790.0,3278760,450.0,490.0,30.0,122320.0
Tennessee,Technical,17-2041,Chemical Engineers,480.0,450.0,3278760,650.0,690.0,40.0,
Tennessee,Technical,17-2051,Civil Engineers,5790.0,4660.0,3278760,4360.0,4730.0,300.0,103340.0
Tennessee,Technical,17-2061,Computer Hardware Engineers,,320.0,3278760,260.0,280.0,20.0,130460.0
Tennessee,Technical,17-2071,Electrical Engineers,2830.0,2570.0,3278760,2380.0,2620.0,150.0,114680.0
Tennessee,Technical,17-2072,"Electronics Engineers, Except Computer",740.0,720.0,3278760,1000.0,1110.0,60.0,123490.0
Tennessee,Technical,17-2112,Industrial Engineers,7440.0,7200.0,3278760,6720.0,7690.0,510.0,101000.0
Tennessee,Technical,17-2131,Materials Engineers,330.0,550.0,3278760,460.0,500.0,30.0,102560.0
Tennessee,Technical,17-2141,Mechanical Engineers,3930.0,3680.0,3278760,2460.0,2780.0,160.0,104790.0
Tennessee,Technical,17-2199,"Engineers, All Other",4400.0,4610.0,3278760,4530.0,4960.0,310.0,100160.0
Tennessee,Technical,17-3011,Architectural and Civil Drafters,1310.0,1410.0,3278760,1670.0,1840.0,170.0,70720.0
Tennessee,Technical,17-3012,Electrical and Electronics Drafters,340.0,360.0,3278760,540.0,560.0,50.0,77390.0
Tennessee,Technical,17-3013,Mechanical Drafters,740.0,1250.0,3278760,1500.0,1480.0,120.0,68100.0
Tennessee,Technical,17-3023,Electrical and Electronic Engineering Technologists and Technicians,1820.0,2180.0,3278760,2480.0,2700.0,250.0,66410.0
Tennessee,Technical,17-3024,Electro-Mechanical and Mechatronics Technologists and Technicians,190.0,700.0,3278760,930.0,980.0,80.0,67480.0
Tennessee,Technical,17-3027,Mechanical Engineering Technologists and Technicians,580.0,400.0,3278760,280.0,300.0,30.0,66430.0
Tennessee,Technical,17-3031,Surveying and Mapping Technicians,1340.0,1330.0,3278760,1490.0,1660.0,210.0,53700.0
Tennessee,Technical,49-1011,"First-Line Supervisors of Mechanics, Installers, and Repairers",15070.0,13130.0,3278760,12940.0,14270.0,1230.0,77760.0
Tennessee,Technical,49-2094,"Electrical and Electronics Repairers, Commercial and Industrial Equipment",1700.0,1640.0,3278760,1760.0,1820.0,150.0,63080.0
Tennessee,Technical,49-9021,"Heating, Air Conditioning, and Refrigeration Mechanics and Installers",9740.0,10510.0,3278760,10780.0,13020.0,1210.0,57810.0
Tennessee,Technical,49-9041,Industrial Machinery Mechanics,12850.0,10100.0,3278760,9060.0,10810.0,980.0,66880.0
Tennessee,Technical,49-9044,Millwrights,1060.0,1110.0,3278760,1050.0,1130.0,100.0,60670.0
Tennessee,Technical,49-9051,Electrical Power-Line Installers and Repairers,3900.0,4020.0,3278760,6110.0,7120.0,590.0,82970.0
Tennessee,Technical,51-1011,First-Line Supervisors of Production and Operating Workers,18960.0,18810.0,3278760,18390.0,19360.0,1890.0,71330.0
Tennessee,Technical,51-4041,Machinists,8270.0,7730.0,3278760,8900.0,9390.0,950.0,53180.0
Tennessee,Technical,51-4111,Tool and Die Makers,2930.0,2180.0,3278760,3090.0,3000.0,300.0,61420.0
Tennessee,Technical,51-4121,"Welders, Cutters, Solderers, and Brazers",12510.0,12610.0,3278760,14050.0,15360.0,1550.0,50450.0
Tennessee,Technical,51-4193,"Plating Machine Setters, Operators, and Tenders, Metal and Plastic",1660.0,1060.0,3278760,610.0,620.0,60.0,41470.0
Tennessee,Technical,51-8013,Power Plant Operators,490.0,550.0,3278760,840.0,800.0,70.0,108900.0
Tennessee,Technical,51-9023,"Mixing and Blending Machine Setters, Operators, and Tenders",1610.0,2180.0,3278760,2740.0,2570.0,240.0,48310.0
Texas,Digital,15-1211,Computer Systems Analysts,47990.0,48150.0,14071160,43960.0,53500.0,3610.0,117170.0
Texas,Digital,15-1212,Information Security Analysts,16130.0,14730.0,14071160,13010.0,18360.0,1340.0,130710.0
Texas,Digital,15-1221,Computer and Information Research Scientists,1960.0,2800.0,14071160,2660.0,3620.0,270.0,130400.0
Texas,Digital,15-1241,Computer Network Architects,13650.0,16160.0,14071160,14440.0,17820.0,1100.0,134820.0
Texas,Digital,15-1242,Database Administrators,6430.0,6110.0,14071160,5700.0,6230.0,350.0,113270.0
Texas,Digital,15-1243,Database Architects,8270.0,6330.0,14071160,5580.0,6710.0,420.0,146050.0
Texas,Digital,15-1244,Network and Computer Systems Administrators,34840.0,34640.0,14071160,33480.0,35580.0,1880.0,104900.0
Texas,Digital,15-1251,Computer Programmers,7620.0,11220.0,14071160,10690.0,11260.0,640.0,100740.0
Texas,Digital,15-1252,Software Developers,163880.0,151460.0,14071160,133390.0,171370.0,11170.0,136450.0
Texas,Digital,15-1253,Software Quality Assurance Analysts and Testers,19590.0,19300.0,14071160,16800.0,20380.0,1410.0,104660.0
Texas,Digital,15-1254,Web Developers,4910.0,5280.0,14071160,5100.0,5910.0,380.0,95560.0
Texas,Digital,15-1255,Web and Digital Interface Designers,5910.0,7360.0,14071160,7380.0,8620.0,610.0,111600.0
Texas,Digital,15-2031,Operations Research Analysts,11890.0,12240.0,14071160,10970.0,15010.0,1150.0,100070.0
Texas,Digital,15-2041,Statisticians,1390.0,1210.0,14071160,1200.0,1450.0,100.0,107390.0
Texas,Digital,15-2051,Data Scientists,25860.0,23420.0,14071160,21940.0,32370.0,2470.0,119710.0
Texas,Technical,17-1011,"Architects, Except Landscape and Naval",7820.0,8030.0,14071160,8680.0,9950.0,670.0,98910.0
Texas,Technical,17-1021,Cartographers and Photogrammetrists,1780.0,1550.0,14071160,1520.0,1810.0,140.0,85370.0
Texas,Technical,17-1022,Surveyors,6410.0,7530.0,14071160,7660.0,8720.0,630.0,70450.0
Texas,Technical,17-2011,Aerospace Engineers,6750.0,7660.0,14071160,7560.0,8540.0,540.0,137010.0
Texas,Technical,17-2041,Chemical Engineers,2610.0,2780.0,14071160,2730.0,2950.0,160.0,144350.0
Texas,Technical,17-2051,Civil Engineers,34870.0,33790.0,14071160,34000.0,38420.0,2520.0,104250.0
Texas,Technical,17-2061,Computer Hardware Engineers,7390.0,3380.0,14071160,3080.0,3610.0,230.0,161360.0
Texas,Technical,17-2071,Electrical Engineers,20870.0,15470.0,14071160,15170.0,17290.0,1060.0,135580.0
Texas,Technical,17-2072,"Electronics Engineers, Except Computer",9520.0,9070.0,14071160,8710.0,10400.0,670.0,137760.0
Texas,Technical,17-2112,Industrial Engineers,30980.0,29620.0,14071160,28510.0,34290.0,2390.0,114840.0
Texas,Technical,17-2131,Materials Engineers,1440.0,1730.0,14071160,1700.0,1940.0,130.0,126480.0
Texas,Technical,17-2141,Mechanical Engineers,22080.0,18790.0,14071160,18240.0,21630.0,1350.0,121510.0
Texas,Technical,17-2199,"Engineers, All Other",10820.0,9900.0,14071160,9670.0,10800.0,690.0,121890.0
Texas,Technical,17-3011,Architectural and Civil Drafters,11710.0,13480.0,14071160,13130.0,15100.0,1390.0,68600.0
Texas,Technical,17-3012,Electrical and Electronics Drafters,1840.0,2460.0,14071160,2570.0,2590.0,220.0,81470.0
Texas,Technical,17-3013,Mechanical Drafters,4630.0,3460.0,14071160,3580.0,3570.0,300.0,80450.0
Texas,Technical,17-3023,Electrical and Electronic Engineering Technologists and Technicians,8960.0,8160.0,14071160,8040.0,8500.0,780.0,73620.0
Texas,Technical,17-3024,Electro-Mechanical and Mechatronics Technologists and Technicians,1800.0,1200.0,14071160,1190.0,1280.0,110.0,64270.0
Texas,Technical,17-3027,Mechanical Engineering Technologists and Technicians,2140.0,1810.0,14071160,1800.0,1880.0,160.0,81660.0
Texas,Technical,17-3031,Surveying and Mapping Technicians,8720.0,7810.0,14071160,7910.0,9120.0,1150.0,53600.0
Texas,Technical,49-1011,"First-Line Supervisors of Mechanics, Installers, and Repairers",75340.0,68540.0,14071160,67690.0,75240.0,6510.0,81430.0
Texas,Technical,49-2094,"Electrical and Electronics Repairers, Commercial and Industrial Equipment",13540.0,10760.0,14071160,10420.0,11290.0,940.0,76480.0
Texas,Technical,49-9021,"Heating, Air Conditioning, and Refrigeration Mechanics and Installers",34730.0,32070.0,14071160,33120.0,37440.0,3350.0,59130.0
Texas,Technical,49-9041,Industrial Machinery Mechanics,56950.0,57150.0,14071160,56920.0,69340.0,6380.0,65940.0
Texas,Technical,49-9044,Millwrights,3540.0,3220.0,14071160,3140.0,3290.0,300.0,63840.0
Texas,Technical,49-9051,Electrical Power-Line Installers and Repairers,17280.0,14130.0,14071160,14810.0,15750.0,1230.0,78670.0
Texas,Technical,49-9081,Wind Turbine Service Technicians,3890.0,5010.0,14071160,6010.0,9100.0,1020.0,64310.0
Texas,Technical,51-1011,First-Line Supervisors of Production and Operating Workers,58930.0,58900.0,14071160,58630.0,62920.0,6210.0,74590.0
Texas,Technical,51-4041,Machinists,21700.0,20770.0,14071160,20310.0,21300.0,2140.0,60270.0
Texas,Technical,51-4111,Tool and Die Makers,1710.0,1550.0,14071160,1520.0,1490.0,150.0,58110.0
Texas,Technical,51-4121,"Welders, Cutters, Solderers, and Brazers",52000.0,56650.0,14071160,59130.0,63160.0,6300.0,56940.0
Texas,Technical,51-4193,"Plating Machine Setters, Operators, and Tenders, Metal and Plastic",2090.0,2380.0,14071160,2360.0,2140.0,200.0,40460.0
Texas,Technical,51-8013,Power Plant Operators,2100.0,1880.0,14071160,1970.0,1710.0,150.0,97000.0
Texas,Technical,51-9023,"Mixing and Blending Machine Setters, Operators, and Tenders",6350.0,9150.0,14071160,8810.0,8580.0,820.0,47220.0
Texas,Technical,51-9141,Semiconductor Processing Technicians,6110.0,7390.0,14071160,7450.0,9330.0,1080.0,43040.0
Utah,Digital,15-1211,Computer Systems Analysts,2950.0,2810.0,1735590,2880.0,3360.0,220.0,99180.0
Utah,Digital,15-1212,Information Security Analysts,1910.0,1720.0,1735590,1710.0,2340.0,170.0,105680.0
Utah,Digital,15-1221,Computer and Information Research Scientists,1250.0,870.0,1735590,800.0,950.0,60.0,109430.0
Utah,Digital,15-1241,Computer Network Architects,1330.0,1690.0,1735590,1670.0,2060.0,130.0,127970.0
Utah,Digital,15-1242,Database Administrators,1200.0,800.0,1735590,800.0,860.0,50.0,121270.0
Utah,Digital,15-1243,Database Architects,630.0,630.0,1735590,620.0,730.0,40.0,140270.0
Utah,Digital,15-1244,Network and Computer Systems Administrators,2050.0,2480.0,1735590,2460.0,2630.0,140.0,101210.0
Utah,Digital,15-1251,Computer Programmers,690.0,1200.0,1735590,1250.0,1280.0,70.0,103490.0
Utah,Digital,15-1252,Software Developers,31940.0,29160.0,1735590,29300.0,35870.0,2230.0,129860.0
Utah,Digital,15-1253,Software Quality Assurance Analysts and Testers,2600.0,4300.0,1735590,4270.0,5080.0,340.0,87700.0
Utah,Digital,15-1254,Web Developers,1280.0,1770.0,1735590,1800.0,2120.0,140.0,98420.0
Utah,Digital,15-1255,Web and Digital Interface Designers,1060.0,1140.0,1735590,1270.0,1440.0,100.0,106760.0
Utah,Digital,15-2031,Operations Research Analysts,810.0,1090.0,1735590,1060.0,1410.0,100.0,93310.0
Utah,Digital,15-2041,Statisticians,300.0,,1735590,,,,95650.0
Utah,Digital,15-2051,Data Scientists,4360.0,4830.0,1735590,4900.0,6820.0,500.0,114880.0
Utah,Technical,17-1011,"Architects, Except Landscape and Naval",1520.0,1300.0,1735590,1420.0,1640.0,110.0,103260.0
Utah,Technical,17-1021,Cartographers and Photogrammetrists,150.0,200.0,1735590,200.0,240.0,20.0,76710.0
Utah,Technical,17-1022,Surveyors,650.0,660.0,1735590,680.0,780.0,60.0,75790.0
Utah,Technical,17-2011,Aerospace Engineers,1010.0,1000.0,1735590,1000.0,1110.0,70.0,139280.0
Utah,Technical,17-2041,Chemical Engineers,,,1735590,,,,96460.0
Utah,Technical,17-2051,Civil Engineers,5670.0,4610.0,1735590,4580.0,5280.0,350.0,100300.0
Utah,Technical,17-2061,Computer Hardware Engineers,430.0,430.0,1735590,430.0,510.0,30.0,114910.0
Utah,Technical,17-2071,Electrical Engineers,1680.0,1920.0,1735590,1940.0,2220.0,140.0,118630.0
Utah,Technical,17-2072,"Electronics Engineers, Except Computer",1570.0,1110.0,1735590,1040.0,1080.0,60.0,130050.0
Utah,Technical,17-2112,Industrial Engineers,5520.0,4580.0,1735590,4550.0,5170.0,340.0,109070.0
Utah,Technical,17-2131,Materials Engineers,460.0,490.0,1735590,480.0,530.0,30.0,100130.0
Utah,Technical,17-2141,Mechanical Engineers,3370.0,3540.0,1735590,3540.0,4030.0,240.0,107410.0
Utah,Technical,17-2199,"Engineers, All Other",1750.0,1520.0,1735590,1500.0,1640.0,100.0,113790.0
Utah,Technical,17-3011,Architectural and Civil Drafters,1820.0,1600.0,1735590,1580.0,1800.0,160.0,69460.0
Utah,Technical,17-3012,Electrical and Electronics Drafters,290.0,210.0,1735590,230.0,230.0,20.0,79790.0
Utah,Technical,17-3013,Mechanical Drafters,490.0,610.0,1735590,650.0,650.0,60.0,72730.0
Utah,Technical,17-3023,Electrical and Electronic Engineering Technologists and Technicians,1420.0,1190.0,1735590,1160.0,1240.0,110.0,74730.0
Utah,Technical,17-3027,Mechanical Engineering Technologists and Technicians,900.0,1180.0,1735590,1180.0,1260.0,110.0,65200.0
Utah,Technical,17-3031,Surveying and Mapping Technicians,360.0,470.0,1735590,480.0,550.0,70.0,60220.0
Utah,Technical,49-1011,"First-Line Supervisors of Mechanics, Installers, and Repairers",6980.0,6410.0,1735590,6430.0,7100.0,610.0,82580.0
Utah,Technical,49-2094,"Electrical and Electronics Repairers, Commercial and Industrial Equipment",750.0,780.0,1735590,730.0,740.0,60.0,73820.0
Utah,Technical,49-9021,"Heating, Air Conditioning, and Refrigeration Mechanics and Installers",5580.0,5370.0,1735590,5620.0,6820.0,640.0,60000.0
Utah,Technical,49-9041,Industrial Machinery Mechanics,4040.0,3920.0,1735590,4000.0,4930.0,460.0,71920.0
Utah,Technical,49-9044,Millwrights,220.0,240.0,1735590,240.0,260.0,20.0,64650.0
Utah,Technical,49-9051,Electrical Power-Line Installers and Repairers,1030.0,890.0,1735590,920.0,1030.0,80.0,93200.0
Utah,Technical,51-1011,First-Line Supervisors of Production and Operating Workers,9040.0,8920.0,1735590,9020.0,9480.0,930.0,74620.0
Utah,Technical,51-4041,Machinists,3810.0,3680.0,1735590,3620.0,3760.0,380.0,61800.0
Utah,Technical,51-4111,Tool and Die Makers,270.0,140.0,1735590,140.0,130.0,10.0,60700.0
Utah,Technical,51-4121,"Welders, Cutters, Solderers, and Brazers",4440.0,4230.0,1735590,4440.0,4830.0,490.0,59640.0
Utah,Technical,51-4193,"Plating Machine Setters, Operators, and Tenders, Metal and Plastic",180.0,180.0,1735590,180.0,160.0,10.0,52190.0
Utah,Technical,51-8013,Power Plant Operators,420.0,340.0,1735590,350.0,300.0,30.0,106170.0
Utah,Technical,51-9023,"Mixing and Blending Machine Setters, Operators, and Tenders",1290.0,1630.0,1735590,1620.0,1540.0,150.0,49510.0
Utah,Technical,51-9141,Semiconductor Processing Technicians,120.0,140.0,1735590,140.0,150.0,20.0,43290.0
Vermont,Digital,15-1211,Computer Systems Analysts,590.0,590.0,303890,580.0,600.0,30.0,102650.0
Vermont,Digital,15-1212,Information Security Analysts,220.0,80.0,303890,80.0,100.0,10.0,122390.0
Vermont,Digital,15-1241,Computer Network Architects,130.0,,303890,190.0,200.0,10.0,117370.0
Vermont,Digital,15-1242,Database Administrators,120.0,120.0,303890,120.0,120.0,10.0,103180.0
Vermont,Digital,15-1244,Network and Computer Systems Administrators,560.0,430.0,303890,420.0,380.0,20.0,90080.0
Vermont,Digital,15-1251,Computer Programmers,170.0,150.0,303890,180.0,170.0,10.0,88720.0
Vermont,Digital,15-1252,Software Developers,1740.0,,303890,2100.0,2260.0,120.0,136100.0
Vermont,Digital,15-1253,Software Quality Assurance Analysts and Testers,170.0,130.0,303890,140.0,140.0,10.0,88530.0
Vermont,Digital,15-1254,Web Developers,70.0,120.0,303890,140.0,150.0,10.0,96240.0
Vermont,Digital,15-2031,Operations Research Analysts,170.0,120.0,303890,120.0,140.0,10.0,90840.0
Vermont,Digital,15-2041,Statisticians,,120.0,303890,130.0,130.0,10.0,85920.0
Vermont,Digital,15-2051,Data Scientists,200.0,210.0,303890,210.0,270.0,20.0,123640.0
Vermont,Technical,17-1011,"Architects, Except Landscape and Naval",320.0,380.0,303890,470.0,480.0,30.0,88410.0
Vermont,Technical,17-1022,Surveyors,,130.0,303890,140.0,140.0,10.0,70990.0
Vermont,Technical,17-2011,Aerospace Engineers,100.0,90.0,303890,150.0,180.0,10.0,138620.0
Vermont,Technical,17-2051,Civil Engineers,770.0,750.0,303890,820.0,850.0,50.0,97480.0
Vermont,Technical,17-2061,Computer Hardware Engineers,130.0,,303890,,,,
Vermont,Technical,17-2071,Electrical Engineers,820.0,910.0,303890,910.0,870.0,40.0,122250.0
Vermont,Technical,17-2072,"Electronics Engineers, Except Computer",70.0,70.0,303890,70.0,80.0,0.0,97750.0
Vermont,Technical,17-2112,Industrial Engineers,440.0,490.0,303890,550.0,600.0,40.0,108220.0
Vermont,Technical,17-2141,Mechanical Engineers,530.0,530.0,303890,590.0,630.0,30.0,112260.0
Vermont,Technical,17-2199,"Engineers, All Other",390.0,360.0,303890,420.0,410.0,20.0,128090.0
Vermont,Technical,17-3011,Architectural and Civil Drafters,230.0,280.0,303890,270.0,270.0,20.0,61820.0
Vermont,Technical,17-3013,Mechanical Drafters,70.0,60.0,303890,60.0,50.0,0.0,76120.0
Vermont,Technical,17-3023,Electrical and Electronic Engineering Technologists and Technicians,300.0,370.0,303890,370.0,310.0,20.0,74930.0
Vermont,Technical,17-3031,Surveying and Mapping Technicians,40.0,50.0,303890,70.0,80.0,10.0,60150.0
Vermont,Technical,49-1011,"First-Line Supervisors of Mechanics, Installers, and Repairers",630.0,740.0,303890,750.0,770.0,60.0,86820.0
Vermont,Technical,49-2094,"Electrical and Electronics Repairers, Commercial and Industrial Equipment",110.0,60.0,303890,70.0,70.0,0.0,72540.0
Vermont,Technical,49-9021,"Heating, Air Conditioning, and Refrigeration Mechanics and Installers",970.0,1050.0,303890,1280.0,1370.0,120.0,67070.0
Vermont,Technical,49-9041,Industrial Machinery Mechanics,700.0,710.0,303890,720.0,790.0,70.0,67380.0
Vermont,Technical,49-9044,Millwrights,60.0,40.0,303890,40.0,40.0,0.0,68700.0
Vermont,Technical,49-9051,Electrical Power-Line Installers and Repairers,270.0,280.0,303890,280.0,280.0,20.0,108630.0
Vermont,Technical,51-1011,First-Line Supervisors of Production and Operating Workers,1000.0,1140.0,303890,1160.0,1100.0,100.0,75640.0
Vermont,Technical,51-4041,Machinists,220.0,380.0,303890,380.0,410.0,40.0,62800.0
Vermont,Technical,51-4111,Tool and Die Makers,140.0,140.0,303890,140.0,120.0,10.0,75780.0
Vermont,Technical,51-4121,"Welders, Cutters, Solderers, and Brazers",340.0,340.0,303890,360.0,380.0,40.0,60210.0
Vermont,Technical,51-8013,Power Plant Operators,140.0,130.0,303890,140.0,130.0,10.0,85450.0
Vermont,Technical,51-9023,"Mixing and Blending Machine Setters, Operators, and Tenders",280.0,280.0,303890,280.0,260.0,20.0,49580.0
Virginia,Digital,15-1211,Computer Systems Analysts,23190.0,22730.0,4109320,23390.0,25480.0,1630.0,123030.0
Virginia,Digital,15-1212,Information Security Analysts,19120.0,18670.0,4109320,18820.0,24370.0,1820.0,141360.0
Virginia,Digital,15-1221,Computer and Information Research Scientists,3590.0,3150.0,4109320,3360.0,3910.0,280.0,164260.0
Virginia,Digital,15-1241,Computer Network Architects,9380.0,9340.0,4109320,9340.0,9470.0,510.0,147660.0
Virginia,Digital,15-1242,Database Administrators,5940.0,4210.0,4109320,4230.0,4510.0,280.0,104560.0
Virginia,Digital,15-1243,Database Architects,5260.0,7140.0,4109320,7150.0,7610.0,470.0,154550.0
Virginia,Digital,15-1244,Network and Computer Systems Administrators,12430.0,13830.0,4109320,13730.0,14080.0,800.0,116130.0
Virginia,Digital,15-1251,Computer Programmers,3070.0,4210.0,4109320,4520.0,3910.0,190.0,122060.0
Virginia,Digital,15-1252,Software Developers,88280.0,83290.0,4109320,85520.0,103430.0,6790.0,146340.0
Virginia,Digital,15-1253,Software Quality Assurance Analysts and Testers,10160.0,9880.0,4109320,9960.0,11600.0,820.0,121160.0
Virginia,Digital,15-1254,Web Developers,4590.0,4450.0,4109320,4740.0,5430.0,380.0,129540.0
Virginia,Digital,15-1255,Web and Digital Interface Designers,1990.0,2740.0,4109320,3100.0,3480.0,270.0,84660.0
Virginia,Digital,15-2031,Operations Research Analysts,6980.0,6320.0,4109320,6430.0,7580.0,530.0,130720.0
Virginia,Digital,15-2041,Statisticians,720.0,800.0,4109320,830.0,1060.0,80.0,120570.0
Virginia,Digital,15-2051,Data Scientists,8920.0,6200.0,4109320,6320.0,8330.0,630.0,134590.0
Virginia,Technical,17-1011,"Architects, Except Landscape and Naval",2130.0,2740.0,4109320,3230.0,3460.0,220.0,105970.0
Virginia,Technical,17-1021,Cartographers and Photogrammetrists,860.0,750.0,4109320,790.0,840.0,60.0,86980.0
Virginia,Technical,17-1022,Surveyors,1360.0,1410.0,4109320,1520.0,1650.0,110.0,76510.0
Virginia,Technical,17-2011,Aerospace Engineers,2540.0,2820.0,4109320,3120.0,3280.0,180.0,155770.0
Virginia,Technical,17-2041,Chemical Engineers,790.0,1020.0,4109320,760.0,810.0,50.0,133340.0
Virginia,Technical,17-2051,Civil Engineers,11350.0,11030.0,4109320,11730.0,12730.0,820.0,105340.0
Virginia,Technical,17-2061,Computer Hardware Engineers,1720.0,1840.0,4109320,1940.0,1950.0,110.0,143280.0
Virginia,Technical,17-2071,Electrical Engineers,7260.0,5990.0,4109320,5920.0,6190.0,350.0,123830.0
Virginia,Technical,17-2072,"Electronics Engineers, Except Computer",3280.0,2530.0,4109320,2400.0,2480.0,140.0,126230.0
Virginia,Technical,17-2112,Industrial Engineers,5580.0,5240.0,4109320,5730.0,6500.0,410.0,109170.0
Virginia,Technical,17-2131,Materials Engineers,620.0,620.0,4109320,580.0,620.0,40.0,117660.0
Virginia,Technical,17-2141,Mechanical Engineers,7470.0,7960.0,4109320,7250.0,8090.0,500.0,114770.0
Virginia,Technical,17-2199,"Engineers, All Other",5060.0,5980.0,4109320,6730.0,6700.0,380.0,145830.0
Virginia,Technical,17-3011,Architectural and Civil Drafters,2600.0,2320.0,4109320,2360.0,2440.0,230.0,67510.0
Virginia,Technical,17-3012,Electrical and Electronics Drafters,280.0,410.0,4109320,440.0,460.0,40.0,74050.0
Virginia,Technical,17-3013,Mechanical Drafters,630.0,540.0,4109320,550.0,530.0,40.0,71730.0
Virginia,Technical,17-3023,Electrical and Electronic Engineering Technologists and Technicians,4670.0,4030.0,4109320,4350.0,4400.0,420.0,86060.0
Virginia,Technical,17-3024,Electro-Mechanical and Mechatronics Technologists and Technicians,570.0,410.0,4109320,420.0,420.0,40.0,79180.0
Virginia,Technical,17-3027,Mechanical Engineering Technologists and Technicians,670.0,580.0,4109320,580.0,600.0,50.0,73100.0
Virginia,Technical,17-3031,Surveying and Mapping Technicians,2440.0,2170.0,4109320,2450.0,2610.0,310.0,59390.0
Virginia,Technical,49-1011,"First-Line Supervisors of Mechanics, Installers, and Repairers",16910.0,16970.0,4109320,17440.0,18200.0,1540.0,84880.0
Virginia,Technical,49-2094,"Electrical and Electronics Repairers, Commercial and Industrial Equipment",1570.0,1740.0,4109320,1780.0,1760.0,150.0,70060.0
Virginia,Technical,49-9021,"Heating, Air Conditioning, and Refrigeration Mechanics and Installers",14690.0,13640.0,4109320,14660.0,16020.0,1410.0,61190.0
Virginia,Technical,49-9041,Industrial Machinery Mechanics,9470.0,9500.0,4109320,10530.0,12180.0,1040.0,67320.0
Virginia,Technical,49-9044,Millwrights,690.0,850.0,4109320,740.0,780.0,60.0,56020.0
Virginia,Technical,49-9051,Electrical Power-Line Installers and Repairers,2920.0,2830.0,4109320,2790.0,2990.0,240.0,78430.0
Virginia,Technical,51-1011,First-Line Supervisors of Production and Operating Workers,13530.0,13100.0,4109320,13420.0,13720.0,1280.0,76310.0
Virginia,Technical,51-4041,Machinists,5660.0,6140.0,4109320,5390.0,5710.0,570.0,62770.0
Virginia,Technical,51-4111,Tool and Die Makers,390.0,450.0,4109320,420.0,400.0,40.0,64970.0
Virginia,Technical,51-4121,"Welders, Cutters, Solderers, and Brazers",10100.0,10690.0,4109320,11060.0,11580.0,1140.0,60410.0
Virginia,Technical,51-4193,"Plating Machine Setters, Operators, and Tenders, Metal and Plastic",270.0,320.0,4109320,310.0,290.0,30.0,43810.0
Virginia,Technical,51-8013,Power Plant Operators,590.0,730.0,4109320,710.0,700.0,60.0,74290.0
Virginia,Technical,51-9023,"Mixing and Blending Machine Setters, Operators, and Tenders",1530.0,2000.0,4109320,2020.0,2010.0,200.0,52100.0
Washington,Digital,15-1211,Computer Systems Analysts,24120.0,18230.0,3550970,20170.0,22610.0,1660.0,131270.0
Washington,Digital,15-1212,Information Security Analysts,6030.0,6830.0,3550970,4010.0,5190.0,470.0,156080.0
Washington,Digital,15-1221,Computer and Information Research Scientists,2050.0,2590.0,3550970,2850.0,3250.0,240.0,194360.0
Washington,Digital,15-1241,Computer Network Architects,4730.0,4450.0,3550970,4750.0,5190.0,320.0,164930.0
Washington,Digital,15-1242,Database Administrators,1730.0,2190.0,3550970,4080.0,4450.0,280.0,122310.0
Washington,Digital,15-1243,Database Architects,2990.0,2490.0,3550970,,,,135800.0
Washington,Digital,15-1244,Network and Computer Systems Administrators,8600.0,8930.0,3550970,10980.0,11660.0,680.0,107640.0
Washington,Digital,15-1251,Computer Programmers,2540.0,3220.0,3550970,7050.0,7440.0,460.0,126540.0
Washington,Digital,15-1252,Software Developers,107030.0,91470.0,3550970,,,,171040.0
Washington,Digital,15-1253,Software Quality Assurance Analysts and Testers,7970.0,9220.0,3550970,,,,131090.0
Washington,Digital,15-1254,Web Developers,4430.0,4370.0,3550970,,,,124290.0
Washington,Digital,15-1255,Web and Digital Interface Designers,11580.0,7840.0,3550970,,,,134700.0
Washington,Digital,15-2031,Operations Research Analysts,3050.0,2850.0,3550970,2680.0,3100.0,250.0,107340.0
Washington,Digital,15-2041,Statisticians,2960.0,2520.0,3550970,1530.0,1750.0,130.0,112600.0
Washington,Digital,15-2051,Data Scientists,9600.0,7930.0,3550970,,,,158040.0
Washington,Technical,17-1011,"Architects, Except Landscape and Naval",3720.0,4500.0,3550970,5560.0,6030.0,430.0,100740.0
Washington,Technical,17-1021,Cartographers and Photogrammetrists,870.0,670.0,3550970,430.0,490.0,40.0,95730.0
Washington,Technical,17-1022,Surveyors,780.0,800.0,3550970,1000.0,1080.0,80.0,95530.0
Washington,Technical,17-2011,Aerospace Engineers,5760.0,5700.0,3550970,6790.0,7010.0,430.0,156000.0
Washington,Technical,17-2041,Chemical Engineers,650.0,600.0,3550970,620.0,660.0,40.0,134910.0
Washington,Technical,17-2051,Civil Engineers,12590.0,11900.0,3550970,13370.0,14520.0,1030.0,117670.0
Washington,Technical,17-2061,Computer Hardware Engineers,1800.0,1370.0,3550970,2090.0,2350.0,170.0,178320.0
Washington,Technical,17-2071,Electrical Engineers,7610.0,10010.0,3550970,7700.0,8090.0,490.0,136970.0
Washington,Technical,17-2072,"Electronics Engineers, Except Computer",1950.0,2270.0,3550970,3320.0,3390.0,190.0,138310.0
Washington,Technical,17-2112,Industrial Engineers,6130.0,6800.0,3550970,5930.0,6410.0,450.0,129220.0
Washington,Technical,17-2131,Materials Engineers,1000.0,1240.0,3550970,650.0,720.0,50.0,149070.0
Washington,Technical,17-2141,Mechanical Engineers,8240.0,9350.0,3550970,8670.0,9240.0,570.0,121370.0
Washington,Technical,17-2199,"Engineers, All Other",3580.0,3150.0,3550970,4070.0,4210.0,260.0,138660.0
Washington,Technical,17-3011,Architectural and Civil Drafters,2530.0,1910.0,3550970,2540.0,2740.0,260.0,74420.0
Washington,Technical,17-3012,Electrical and Electronics Drafters,390.0,550.0,3550970,540.0,570.0,50.0,80990.0
Washington,Technical,17-3013,Mechanical Drafters,1690.0,1600.0,3550970,1790.0,1800.0,160.0,87150.0
Washington,Technical,17-3023,Electrical and Electronic Engineering Technologists and Technicians,2540.0,2390.0,3550970,2880.0,3000.0,280.0,92720.0
Washington,Technical,17-3024,Electro-Mechanical and Mechatronics Technologists and Technicians,570.0,520.0,3550970,210.0,210.0,20.0,89820.0
Washington,Technical,17-3027,Mechanical Engineering Technologists and Technicians,890.0,1040.0,3550970,1020.0,1090.0,100.0,86940.0
Washington,Technical,17-3031,Surveying and Mapping Technicians,1030.0,1140.0,3550970,1500.0,1650.0,220.0,65290.0
Washington,Technical,49-1011,"First-Line Supervisors of Mechanics, Installers, and Repairers",14680.0,14640.0,3550970,13610.0,14500.0,1310.0,98730.0
Washington,Technical,49-2094,"Electrical and Electronics Repairers, Commercial and Industrial Equipment",1660.0,1590.0,3550970,1810.0,1820.0,140.0,100080.0
Washington,Technical,49-9021,"Heating, Air Conditioning, and Refrigeration Mechanics and Installers",7370.0,7090.0,3550970,8570.0,9480.0,930.0,78860.0
Washington,Technical,49-9041,Industrial Machinery Mechanics,10710.0,10300.0,3550970,9180.0,10040.0,960.0,79580.0
Washington,Technical,49-9044,Millwrights,1020.0,1270.0,3550970,1540.0,1530.0,130.0,85580.0
Washington,Technical,49-9051,Electrical Power-Line Installers and Repairers,2340.0,2560.0,3550970,2390.0,2480.0,200.0,122100.0
Washington,Technical,49-9081,Wind Turbine Service Technicians,210.0,270.0,3550970,280.0,360.0,40.0,73910.0
Washington,Technical,51-1011,First-Line Supervisors of Production and Operating Workers,14500.0,15410.0,3550970,13830.0,14000.0,1350.0,84000.0
Washington,Technical,51-4041,Machinists,6880.0,6980.0,3550970,7520.0,7580.0,750.0,71510.0
Washington,Technical,51-4111,Tool and Die Makers,1510.0,1200.0,3550970,1710.0,1710.0,170.0,97090.0
Washington,Technical,51-4121,"Welders, Cutters, Solderers, and Brazers",7720.0,7680.0,3550970,8440.0,8600.0,860.0,66340.0
Washington,Technical,51-4193,"Plating Machine Setters, Operators, and Tenders, Metal and Plastic",410.0,390.0,3550970,370.0,350.0,30.0,59100.0
Washington,Technical,51-8013,Power Plant Operators,430.0,570.0,3550970,370.0,370.0,40.0,128230.0
Washington,Technical,51-9023,"Mixing and Blending Machine Setters, Operators, and Tenders",2270.0,2110.0,3550970,1710.0,1710.0,170.0,58960.0
Washington,Technical,51-9141,Semiconductor Processing Technicians,990.0,,3550970,1010.0,1000.0,110.0,58690.0
West Virginia,Digital,15-1211,Computer Systems Analysts,1030.0,1300.0,701610,1060.0,1210.0,80.0,
West Virginia,Digital,15-1241,Computer Network Architects,360.0,210.0,701610,360.0,450.0,30.0,114450.0
West Virginia,Digital,15-1242,Database Administrators,240.0,230.0,701610,250.0,250.0,10.0,79460.0
West Virginia,Digital,15-1243,Database Architects,120.0,270.0,701610,120.0,140.0,10.0,
West Virginia,Digital,15-1244,Network and Computer Systems Administrators,1510.0,1310.0,701610,1520.0,1490.0,70.0,81080.0
West Virginia,Digital,15-1251,Computer Programmers,140.0,190.0,701610,140.0,140.0,10.0,75360.0
West Virginia,Digital,15-1252,Software Developers,2650.0,2280.0,701610,2810.0,3370.0,210.0,118410.0
West Virginia,Digital,15-1253,Software Quality Assurance Analysts and Testers,390.0,260.0,701610,390.0,440.0,30.0,74460.0
West Virginia,Digital,15-1254,Web Developers,400.0,320.0,701610,400.0,430.0,20.0,77270.0
West Virginia,Digital,15-1255,Web and Digital Interface Designers,200.0,110.0,701610,230.0,250.0,20.0,103430.0
West Virginia,Digital,15-2031,Operations Research Analysts,200.0,220.0,701610,200.0,250.0,20.0,71320.0
West Virginia,Digital,15-2041,Statisticians,90.0,90.0,701610,90.0,100.0,10.0,88780.0
West Virginia,Digital,15-2051,Data Scientists,390.0,220.0,701610,390.0,540.0,40.0,90730.0
West Virginia,Technical,17-1011,"Architects, Except Landscape and Naval",80.0,80.0,701610,80.0,100.0,10.0,97480.0
West Virginia,Technical,17-1022,Surveyors,630.0,520.0,701610,650.0,740.0,50.0,67780.0
West Virginia,Technical,17-2041,Chemical Engineers,160.0,210.0,701610,160.0,170.0,10.0,134630.0
West Virginia,Technical,17-2051,Civil Engineers,1300.0,1560.0,701610,1260.0,1420.0,90.0,91220.0
West Virginia,Technical,17-2061,Computer Hardware Engineers,140.0,,701610,140.0,170.0,10.0,
West Virginia,Technical,17-2071,Electrical Engineers,500.0,610.0,701610,500.0,540.0,30.0,114260.0
West Virginia,Technical,17-2072,"Electronics Engineers, Except Computer",90.0,140.0,701610,90.0,100.0,10.0,109080.0
West Virginia,Technical,17-2112,Industrial Engineers,850.0,890.0,701610,860.0,960.0,60.0,116340.0
West Virginia,Technical,17-2141,Mechanical Engineers,760.0,860.0,701610,750.0,860.0,50.0,101310.0
West Virginia,Technical,17-2199,"Engineers, All Other",660.0,610.0,701610,660.0,700.0,40.0,115630.0
West Virginia,Technical,17-3011,Architectural and Civil Drafters,330.0,330.0,701610,320.0,370.0,30.0,68290.0
West Virginia,Technical,17-3013,Mechanical Drafters,140.0,180.0,701610,150.0,140.0,10.0,70340.0
West Virginia,Technical,17-3023,Electrical and Electronic Engineering Technologists and Technicians,300.0,350.0,701610,300.0,300.0,30.0,85250.0
West Virginia,Technical,17-3027,Mechanical Engineering Technologists and Technicians,200.0,90.0,701610,200.0,200.0,20.0,55060.0
West Virginia,Technical,17-3031,Surveying and Mapping Technicians,370.0,320.0,701610,380.0,420.0,50.0,50260.0
West Virginia,Technical,49-1011,"First-Line Supervisors of Mechanics, Installers, and Repairers",4070.0,3930.0,701610,4050.0,4140.0,340.0,76890.0
West Virginia,Technical,49-2094,"Electrical and Electronics Repairers, Commercial and Industrial Equipment",220.0,280.0,701610,210.0,220.0,20.0,73150.0
West Virginia,Technical,49-9021,"Heating, Air Conditioning, and Refrigeration Mechanics and Installers",1690.0,1450.0,701610,1740.0,2030.0,180.0,51700.0
West Virginia,Technical,49-9041,Industrial Machinery Mechanics,3150.0,3160.0,701610,3250.0,3730.0,330.0,65130.0
West Virginia,Technical,49-9044,Millwrights,330.0,440.0,701610,350.0,330.0,30.0,65110.0
West Virginia,Technical,49-9051,Electrical Power-Line Installers and Repairers,1260.0,830.0,701610,1250.0,1440.0,120.0,85000.0
West Virginia,Technical,51-1011,First-Line Supervisors of Production and Operating Workers,3120.0,3480.0,701610,3160.0,3140.0,300.0,75160.0
West Virginia,Technical,51-4041,Machinists,1700.0,1530.0,701610,1690.0,1710.0,170.0,51190.0
West Virginia,Technical,51-4111,Tool and Die Makers,40.0,40.0,701610,40.0,40.0,0.0,50880.0
West Virginia,Technical,51-4121,"Welders, Cutters, Solderers, and Brazers",2100.0,2280.0,701610,2190.0,2300.0,230.0,53350.0
West Virginia,Technical,51-8013,Power Plant Operators,170.0,300.0,701610,180.0,150.0,10.0,93210.0
West Virginia,Technical,51-9023,"Mixing and Blending Machine Setters, Operators, and Tenders",350.0,750.0,701610,340.0,310.0,30.0,52430.0
Wisconsin,Digital,15-1211,Computer Systems Analysts,8340.0,7710.0,2941540,8050.0,8600.0,510.0,101910.0
Wisconsin,Digital,15-1212,Information Security Analysts,2130.0,1760.0,2941540,1830.0,2290.0,150.0,106960.0
Wisconsin,Digital,15-1241,Computer Network Architects,2170.0,2220.0,2941540,2430.0,2680.0,150.0,133230.0
Wisconsin,Digital,15-1242,Database Administrators,1220.0,1380.0,2941540,1450.0,1420.0,70.0,103890.0
Wisconsin,Digital,15-1243,Database Architects,520.0,360.0,2941540,380.0,400.0,20.0,136650.0
Wisconsin,Digital,15-1244,Network and Computer Systems Administrators,8470.0,7960.0,2941540,8410.0,8000.0,360.0,89400.0
Wisconsin,Digital,15-1251,Computer Programmers,3080.0,3020.0,2941540,3170.0,2930.0,140.0,
Wisconsin,Digital,15-1252,Software Developers,21730.0,22170.0,2941540,22480.0,25660.0,1480.0,122620.0
Wisconsin,Digital,15-1253,Software Quality Assurance Analysts and Testers,3800.0,3820.0,2941540,3820.0,4180.0,260.0,97890.0
Wisconsin,Digital,15-1254,Web Developers,1180.0,1680.0,2941540,2070.0,2120.0,120.0,92490.0
Wisconsin,Digital,15-1255,Web and Digital Interface Designers,880.0,850.0,2941540,980.0,1020.0,70.0,94340.0
Wisconsin,Digital,15-2031,Operations Research Analysts,4270.0,4080.0,2941540,4220.0,5110.0,360.0,73790.0
Wisconsin,Digital,15-2041,Statisticians,250.0,250.0,2941540,300.0,330.0,20.0,108000.0
Wisconsin,Digital,15-2051,Data Scientists,4370.0,3640.0,2941540,3780.0,5010.0,360.0,116600.0
Wisconsin,Technical,17-1011,"Architects, Except Landscape and Naval",1230.0,1330.0,2941540,1470.0,1550.0,100.0,102000.0
Wisconsin,Technical,17-1021,Cartographers and Photogrammetrists,260.0,210.0,2941540,220.0,230.0,20.0,79270.0
Wisconsin,Technical,17-1022,Surveyors,610.0,660.0,2941540,690.0,720.0,50.0,84980.0
Wisconsin,Technical,17-2011,Aerospace Engineers,120.0,130.0,2941540,130.0,150.0,10.0,103580.0
Wisconsin,Technical,17-2041,Chemical Engineers,110.0,210.0,2941540,230.0,250.0,20.0,98440.0
Wisconsin,Technical,17-2051,Civil Engineers,7410.0,7050.0,2941540,7190.0,7590.0,460.0,97330.0
Wisconsin,Technical,17-2061,Computer Hardware Engineers,270.0,500.0,2941540,510.0,530.0,30.0,101690.0
Wisconsin,Technical,17-2071,Electrical Engineers,3550.0,3970.0,2941540,3990.0,4270.0,240.0,103550.0
Wisconsin,Technical,17-2072,"Electronics Engineers, Except Computer",360.0,350.0,2941540,350.0,400.0,20.0,100230.0
Wisconsin,Technical,17-2112,Industrial Engineers,13070.0,12660.0,2941540,12550.0,14030.0,920.0,100220.0
Wisconsin,Technical,17-2131,Materials Engineers,280.0,320.0,2941540,320.0,320.0,20.0,95180.0
Wisconsin,Technical,17-2141,Mechanical Engineers,7470.0,8060.0,2941540,8080.0,8920.0,510.0,96750.0
Wisconsin,Technical,17-2199,"Engineers, All Other",690.0,760.0,2941540,810.0,820.0,50.0,112990.0
Wisconsin,Technical,17-3011,Architectural and Civil Drafters,2200.0,2060.0,2941540,2080.0,2190.0,190.0,68880.0
Wisconsin,Technical,17-3012,Electrical and Electronics Drafters,470.0,370.0,2941540,390.0,370.0,30.0,79260.0
Wisconsin,Technical,17-3013,Mechanical Drafters,1630.0,2010.0,2941540,2100.0,2040.0,170.0,67960.0
Wisconsin,Technical,17-3023,Electrical and Electronic Engineering Technologists and Technicians,1520.0,1740.0,2941540,1740.0,1760.0,160.0,73700.0
Wisconsin,Technical,17-3024,Electro-Mechanical and Mechatronics Technologists and Technicians,580.0,350.0,2941540,350.0,350.0,30.0,76080.0
Wisconsin,Technical,17-3027,Mechanical Engineering Technologists and Technicians,900.0,1460.0,2941540,1490.0,1490.0,120.0,70850.0
Wisconsin,Technical,17-3031,Surveying and Mapping Technicians,660.0,620.0,2941540,640.0,670.0,80.0,59900.0
Wisconsin,Technical,49-1011,"First-Line Supervisors of Mechanics, Installers, and Repairers",10640.0,11110.0,2941540,11460.0,11920.0,990.0,86550.0
Wisconsin,Technical,49-2094,"Electrical and Electronics Repairers, Commercial and Industrial Equipment",850.0,720.0,2941540,720.0,730.0,60.0,72410.0
Wisconsin,Technical,49-9021,"Heating, Air Conditioning, and Refrigeration Mechanics and Installers",6630.0,5930.0,2941540,6270.0,7120.0,640.0,67410.0
Wisconsin,Technical,49-9041,Industrial Machinery Mechanics,13870.0,14500.0,2941540,15010.0,18030.0,1650.0,68760.0
Wisconsin,Technical,49-9044,Millwrights,1220.0,1050.0,2941540,1040.0,1070.0,100.0,77280.0
Wisconsin,Technical,49-9051,Electrical Power-Line Installers and Repairers,2520.0,2540.0,2941540,2560.0,2900.0,240.0,96350.0
Wisconsin,Technical,51-1011,First-Line Supervisors of Production and Operating Workers,25500.0,25660.0,2941540,25970.0,26810.0,2590.0,75510.0
Wisconsin,Technical,51-4041,Machinists,12700.0,12530.0,2941540,12410.0,12950.0,1300.0,57860.0
Wisconsin,Technical,51-4111,Tool and Die Makers,2450.0,2970.0,2941540,2930.0,2750.0,270.0,67520.0
Wisconsin,Technical,51-4121,"Welders, Cutters, Solderers, and Brazers",15320.0,16820.0,2941540,17660.0,18700.0,1860.0,57920.0
Wisconsin,Technical,51-4193,"Plating Machine Setters, Operators, and Tenders, Metal and Plastic",940.0,890.0,2941540,890.0,850.0,80.0,46280.0
Wisconsin,Technical,51-8013,Power Plant Operators,420.0,660.0,2941540,690.0,630.0,60.0,77010.0
Wisconsin,Technical,51-9023,"Mixing and Blending Machine Setters, Operators, and Tenders",3380.0,3520.0,2941540,3510.0,3260.0,300.0,55120.0
Wyoming,Digital,15-1211,Computer Systems Analysts,310.0,320.0,280740,330.0,400.0,30.0,104350.0
Wyoming,Digital,15-1212,Information Security Analysts,140.0,,280740,,,,112320.0
Wyoming,Digital,15-1241,Computer Network Architects,50.0,50.0,280740,50.0,60.0,0.0,100240.0
Wyoming,Digital,15-1242,Database Administrators,100.0,100.0,280740,110.0,110.0,0.0,83630.0
Wyoming,Digital,15-1243,Database Architects,160.0,130.0,280740,140.0,140.0,10.0,
Wyoming,Digital,15-1244,Network and Computer Systems Administrators,610.0,670.0,280740,680.0,690.0,30.0,78860.0
Wyoming,Digital,15-1251,Computer Programmers,60.0,60.0,280740,60.0,70.0,0.0,88620.0
Wyoming,Digital,15-1252,Software Developers,1510.0,1020.0,280740,1020.0,1280.0,80.0,123360.0
Wyoming,Digital,15-1254,Web Developers,50.0,,280740,20.0,30.0,0.0,65550.0
Wyoming,Digital,15-1255,Web and Digital Interface Designers,110.0,110.0,280740,130.0,130.0,10.0,75050.0
Wyoming,Technical,17-1011,"Architects, Except Landscape and Naval",130.0,110.0,280740,120.0,130.0,10.0,118920.0
Wyoming,Technical,17-1021,Cartographers and Photogrammetrists,100.0,100.0,280740,110.0,120.0,10.0,72110.0
Wyoming,Technical,17-1022,Surveyors,240.0,220.0,280740,230.0,250.0,20.0,87190.0
Wyoming,Technical,17-2051,Civil Engineers,990.0,1070.0,280740,1080.0,1200.0,80.0,96810.0
Wyoming,Technical,17-2071,Electrical Engineers,280.0,260.0,280740,270.0,290.0,20.0,111490.0
Wyoming,Technical,17-2072,"Electronics Engineers, Except Computer",110.0,90.0,280740,100.0,110.0,10.0,95230.0
Wyoming,Technical,17-2112,Industrial Engineers,240.0,220.0,280740,220.0,260.0,20.0,121140.0
Wyoming,Technical,17-2131,Materials Engineers,40.0,40.0,280740,40.0,40.0,0.0,109870.0
Wyoming,Technical,17-2141,Mechanical Engineers,230.0,300.0,280740,300.0,380.0,20.0,117060.0
Wyoming,Technical,17-2199,"Engineers, All Other",110.0,190.0,280740,190.0,210.0,10.0,113140.0
Wyoming,Technical,17-3011,Architectural and Civil Drafters,200.0,190.0,280740,190.0,210.0,20.0,64460.0
Wyoming,Technical,17-3012,Electrical and Electronics Drafters,40.0,,280740,20.0,20.0,0.0,64080.0
Wyoming,Technical,17-3013,Mechanical Drafters,60.0,60.0,280740,70.0,70.0,10.0,65450.0
Wyoming,Technical,17-3023,Electrical and Electronic Engineering Technologists and Technicians,200.0,160.0,280740,160.0,170.0,20.0,92880.0
Wyoming,Technical,17-3031,Surveying and Mapping Technicians,150.0,120.0,280740,120.0,140.0,20.0,59970.0
Wyoming,Technical,49-1011,"First-Line Supervisors of Mechanics, Installers, and Repairers",2030.0,2110.0,280740,2130.0,2300.0,200.0,90870.0
Wyoming,Technical,49-2094,"Electrical and Electronics Repairers, Commercial and Industrial Equipment",100.0,90.0,280740,80.0,90.0,10.0,91740.0
Wyoming,Technical,49-9021,"Heating, Air Conditioning, and Refrigeration Mechanics and Installers",690.0,570.0,280740,610.0,770.0,70.0,55760.0
Wyoming,Technical,49-9041,Industrial Machinery Mechanics,2010.0,2290.0,280740,2320.0,2620.0,230.0,81310.0
Wyoming,Technical,49-9044,Millwrights,130.0,160.0,280740,160.0,180.0,20.0,66070.0
Wyoming,Technical,49-9051,Electrical Power-Line Installers and Repairers,670.0,500.0,280740,510.0,560.0,40.0,88790.0
Wyoming,Technical,49-9081,Wind Turbine Service Technicians,90.0,80.0,280740,100.0,170.0,20.0,71770.0
Wyoming,Technical,51-1011,First-Line Supervisors of Production and Operating Workers,1470.0,1520.0,280740,1540.0,1670.0,170.0,95100.0
Wyoming,Technical,51-4041,Machinists,290.0,300.0,280740,310.0,340.0,40.0,64880.0
Wyoming,Technical,51-4121,"Welders, Cutters, Solderers, and Brazers",1850.0,1900.0,280740,2020.0,2280.0,230.0,67990.0
Wyoming,Technical,51-8013,Power Plant Operators,230.0,210.0,280740,210.0,190.0,20.0,102530.0
Wyoming,Technical,51-9023,"Mixing and Blending Machine Setters, Operators, and Tenders",210.0,210.0,280740,200.0,200.0,20.0,59710.0
